Run, Step, AgentID, Energy-Level, Common-Pool-Levels
2,0,255,86.4003599891309,990.0
2,0,271,33.20970495000266,980.0
2,0,248,100.66736986577793,970.0
2,0,282,45.39479965740617,960.0
2,0,239,69.0036569453937,950.0
2,0,200,40.17258760865338,940.0
2,0,237,43.406779649777945,930.0
2,0,227,64.00255282418084,920.0
2,0,232,91.60338397699809,910.0
2,0,235,96.07881462113741,900.0
2,0,204,42.60157214753048,890.0
2,0,288,83.01111269544496,880.0
2,0,236,23.67072923224634,870.0
2,0,267,46.91829880800451,860.0
2,0,238,64.69756097731415,850.0
2,0,300,84.76445311010207,840.0
2,0,201,86.14983383785717,830.0
2,0,275,21.82806721255442,820.0
2,0,258,78.41294362726347,810.0
2,0,291,95.26708321137897,800.0
2,0,274,6.078918272516338,790.0
2,0,299,44.00448199450981,780.0
2,0,218,40.37517961819836,770.0
2,0,242,55.00626577091653,760.0
2,0,206,83.23760014949087,750.0
2,0,268,97.40820528812954,740.0
2,0,280,76.74493096477038,730.0
2,0,295,43.94139546781387,720.0
2,0,296,46.11532898391964,710.0
2,0,265,11.704940586493692,700.0
2,0,223,17.417738787786536,690.0
2,0,233,54.95802344321491,680.0
2,0,224,92.25251452995205,670.0
2,0,266,24.63291694134709,660.0
2,0,209,50.9773038319402,650.0
2,0,240,74.84599546977374,640.0
2,0,222,40.00078092110061,630.0
2,0,208,11.46702865180685,620.0
2,0,278,75.1118016617997,610.0
2,0,259,72.14644233595735,600.0
2,0,203,55.46340984432188,590.0
2,0,298,60.98564248335008,580.0
2,0,279,74.10396208352171,570.0
2,0,263,104.26467016824398,560.0
2,0,284,18.063373369319166,550.0
2,0,252,17.805845675447458,540.0
2,0,241,24.53581052174993,530.0
2,0,226,59.97295098485977,520.0
2,0,246,78.94459342759606,510.0
2,0,221,15.843800533357461,500.0
2,0,281,14.425337098446985,490.0
2,0,225,35.47198493349337,480.0
2,0,207,27.370174891492724,470.0
2,0,253,22.63920981217525,460.0
2,0,243,24.286013209616303,450.0
2,0,285,23.172235603109645,440.0
2,0,273,57.38556519300667,430.0
2,0,287,10.376358569278871,420.0
2,0,289,18.505349724501002,410.0
2,0,261,32.5223054344184,400.0
2,0,220,16.504538274008002,390.0
2,0,205,15.00777179704796,380.0
2,0,293,18.3549817851197,370.0
2,0,229,92.19450189216906,360.0
2,0,269,43.1332340095913,350.0
2,0,212,52.013132024494716,340.0
2,0,257,52.51324934171728,330.0
2,0,217,43.979660231612456,320.0
2,0,234,39.11940774871711,310.0
2,0,247,7.7558112577971805,300.0
2,0,292,88.6823259372058,290.0
2,0,254,19.935337549544514,280.0
2,0,219,100.88323897820885,270.0
2,0,290,30.767316086260205,260.0
2,0,214,87.41679197537796,250.0
2,0,231,80.08049203706257,240.0
2,0,245,86.81421097157936,230.0
2,0,286,94.50675690196077,220.0
2,0,249,80.77346840752804,210.0
2,0,297,102.84481642416193,200.0
2,0,277,75.77552347500506,190.0
2,0,260,94.70454914867216,180.0
2,0,276,28.643173130739193,170.0
2,0,262,49.24735335082573,160.0
2,0,213,57.12204667274052,150.0
2,0,251,51.48977596791332,140.0
2,0,210,26.770162662247795,130.0
2,0,230,53.37446726842762,120.0
2,0,211,102.82909791715254,110.0
2,0,270,64.03151043353282,100.0
2,0,264,98.35481085925035,90.0
2,0,202,10.31506689000465,80.0
2,0,294,92.46243760696272,70.0
2,0,256,62.813898434931275,60.0
2,0,272,49.878751049723405,50.0
2,0,228,33.20227728093888,40.0
2,0,215,22.194377931027827,30.0
2,0,250,24.45486472629858,20.0
2,0,283,101.04915563667873,10.0
2,0,216,33.194055383356705,10.0
2,0,244,27.52995906449666,10.0
2,1,262,54.24735335082573,2.969999999999999
2,1,277,70.77552347500506,2.969999999999999
2,1,235,91.07881462113741,2.969999999999999
2,1,257,47.51324934171728,2.969999999999999
2,1,207,22.370174891492724,2.969999999999999
2,1,200,35.17258760865338,2.969999999999999
2,1,263,99.26467016824398,2.969999999999999
2,1,281,9.425337098446985,2.969999999999999
2,1,241,19.53581052174993,2.969999999999999
2,1,231,75.08049203706257,2.969999999999999
2,1,272,44.878751049723405,2.969999999999999
2,1,267,41.91829880800451,2.969999999999999
2,1,205,10.00777179704796,2.969999999999999
2,1,239,64.0036569453937,2.969999999999999
2,1,297,97.84481642416193,2.969999999999999
2,1,229,87.19450189216906,2.969999999999999
2,1,212,47.013132024494716,2.969999999999999
2,1,300,79.76445311010207,2.969999999999999
2,1,206,78.23760014949087,2.969999999999999
2,1,237,38.406779649777945,2.969999999999999
2,1,280,71.74493096477038,2.969999999999999
2,1,286,89.50675690196077,2.969999999999999
2,1,288,78.01111269544496,2.969999999999999
2,1,204,37.60157214753048,2.969999999999999
2,1,249,75.77346840752804,2.969999999999999
2,1,298,55.98564248335008,2.969999999999999
2,1,240,69.84599546977374,2.969999999999999
2,1,293,13.354981785119701,2.969999999999999
2,1,221,10.843800533357461,2.969999999999999
2,1,292,83.6823259372058,2.969999999999999
2,1,225,30.471984933493367,2.969999999999999
2,1,215,17.194377931027827,2.969999999999999
2,1,223,12.417738787786536,2.969999999999999
2,1,220,11.504538274008002,2.969999999999999
2,1,222,35.00078092110061,2.969999999999999
2,1,284,13.063373369319166,2.969999999999999
2,1,245,81.81421097157936,2.969999999999999
2,1,258,73.41294362726347,2.969999999999999
2,1,285,18.172235603109645,2.969999999999999
2,1,203,50.46340984432188,2.969999999999999
2,1,271,28.20970495000266,2.969999999999999
2,1,290,25.767316086260205,2.969999999999999
2,1,238,59.697560977314154,2.969999999999999
2,1,251,46.48977596791332,2.969999999999999
2,1,247,2.7558112577971805,2.969999999999999
2,1,248,95.66736986577793,2.969999999999999
2,1,226,54.97295098485977,2.969999999999999
2,1,252,12.805845675447458,2.969999999999999
2,1,266,19.63291694134709,2.969999999999999
2,1,268,92.40820528812954,2.969999999999999
2,1,254,14.935337549544514,2.969999999999999
2,1,276,23.643173130739193,2.969999999999999
2,1,214,82.41679197537796,2.969999999999999
2,1,234,34.11940774871711,2.969999999999999
2,1,217,38.979660231612456,2.969999999999999
2,1,209,45.9773038319402,2.969999999999999
2,1,299,39.00448199450981,2.969999999999999
2,1,224,87.25251452995205,2.969999999999999
2,1,256,57.813898434931275,2.969999999999999
2,1,218,35.37517961819836,2.969999999999999
2,1,283,96.04915563667873,2.969999999999999
2,1,246,73.94459342759606,2.969999999999999
2,1,201,81.14983383785717,2.969999999999999
2,1,216,28.194055383356705,2.969999999999999
2,1,273,52.38556519300667,2.969999999999999
2,1,269,38.1332340095913,2.969999999999999
2,1,294,87.46243760696272,2.969999999999999
2,1,228,28.20227728093888,2.969999999999999
2,1,289,13.505349724501002,2.969999999999999
2,1,213,52.12204667274052,2.969999999999999
2,1,265,6.7049405864936915,2.969999999999999
2,1,260,89.70454914867216,2.969999999999999
2,1,275,16.82806721255442,2.969999999999999
2,1,264,93.35481085925035,2.969999999999999
2,1,208,6.467028651806849,2.969999999999999
2,1,253,17.63920981217525,2.969999999999999
2,1,243,19.286013209616303,2.969999999999999
2,1,261,27.5223054344184,2.969999999999999
2,1,210,21.770162662247795,2.969999999999999
2,1,227,59.00255282418084,2.969999999999999
2,1,230,48.37446726842762,2.969999999999999
2,1,295,38.94139546781387,2.969999999999999
2,1,287,5.376358569278871,2.969999999999999
2,1,233,49.95802344321491,2.969999999999999
2,1,279,69.10396208352171,2.969999999999999
2,1,255,81.4003599891309,2.969999999999999
2,1,270,59.031510433532816,2.969999999999999
2,1,250,19.45486472629858,2.969999999999999
2,1,274,1.0789182725163382,2.969999999999999
2,1,211,97.82909791715254,2.969999999999999
2,1,236,18.67072923224634,2.969999999999999
2,1,242,50.00626577091653,2.969999999999999
2,1,291,90.26708321137897,2.969999999999999
2,1,244,22.52995906449666,2.969999999999999
2,1,282,40.39479965740617,2.969999999999999
2,1,259,67.14644233595735,2.969999999999999
2,1,296,41.11532898391964,2.969999999999999
2,1,219,95.88323897820885,2.969999999999999
2,1,232,86.60338397699809,2.969999999999999
2,1,278,70.1118016617997,2.969999999999999
2,1,202,5.315066890004649,2.969999999999999
2,2,239,59.0036569453937,3.8583537299999984
2,2,212,42.013132024494716,3.8583537299999984
2,2,230,43.37446726842762,3.8583537299999984
2,2,276,18.643173130739193,3.8583537299999984
2,2,258,68.41294362726347,3.8583537299999984
2,2,281,4.425337098446985,3.8583537299999984
2,2,245,76.81421097157936,3.8583537299999984
2,2,287,0.3763585692788709,3.8583537299999984
2,2,232,81.60338397699809,3.8583537299999984
2,2,243,14.286013209616303,3.8583537299999984
2,2,205,5.00777179704796,3.8583537299999984
2,2,242,45.00626577091653,3.8583537299999984
2,2,255,76.4003599891309,3.8583537299999984
2,2,213,47.12204667274052,3.8583537299999984
2,2,236,13.670729232246341,3.8583537299999984
2,2,277,65.77552347500506,3.8583537299999984
2,2,294,82.46243760696272,3.8583537299999984
2,2,263,94.26467016824398,3.8583537299999984
2,2,299,34.00448199450981,3.8583537299999984
2,2,249,70.77346840752804,3.8583537299999984
2,2,256,52.813898434931275,3.8583537299999984
2,2,264,88.35481085925035,3.8583537299999984
2,2,280,66.74493096477038,3.8583537299999984
2,2,241,14.53581052174993,3.8583537299999984
2,2,203,45.46340984432188,3.8583537299999984
2,2,274,0.0,3.8583537299999984
2,2,216,23.194055383356705,3.8583537299999984
2,2,253,12.639209812175249,3.8583537299999984
2,2,289,8.505349724501002,3.8583537299999984
2,2,265,1.7049405864936915,3.8583537299999984
2,2,202,0.3150668900046494,3.8583537299999984
2,2,290,20.767316086260205,3.8583537299999984
2,2,234,29.11940774871711,3.8583537299999984
2,2,206,73.23760014949087,3.8583537299999984
2,2,233,44.95802344321491,3.8583537299999984
2,2,248,90.66736986577793,3.8583537299999984
2,2,262,49.24735335082573,3.8583537299999984
2,2,279,64.10396208352171,3.8583537299999984
2,2,275,11.82806721255442,3.8583537299999984
2,2,269,33.1332340095913,3.8583537299999984
2,2,210,16.770162662247795,3.8583537299999984
2,2,295,33.94139546781387,3.8583537299999984
2,2,260,84.70454914867216,3.8583537299999984
2,2,226,49.97295098485977,3.8583537299999984
2,2,267,36.91829880800451,3.8583537299999984
2,2,298,50.98564248335008,3.8583537299999984
2,2,246,68.94459342759606,3.8583537299999984
2,2,292,78.6823259372058,3.8583537299999984
2,2,282,35.39479965740617,3.8583537299999984
2,2,266,14.63291694134709,3.8583537299999984
2,2,270,54.031510433532816,3.8583537299999984
2,2,259,62.146442335957346,3.8583537299999984
2,2,247,0.0,3.8583537299999984
2,2,222,30.000780921100613,3.8583537299999984
2,2,284,8.063373369319166,3.8583537299999984
2,2,297,92.84481642416193,3.8583537299999984
2,2,288,73.01111269544496,3.8583537299999984
2,2,293,8.354981785119701,3.8583537299999984
2,2,254,9.935337549544514,3.8583537299999984
2,2,296,36.11532898391964,3.8583537299999984
2,2,286,84.50675690196077,3.8583537299999984
2,2,220,6.504538274008002,3.8583537299999984
2,2,238,54.697560977314154,3.8583537299999984
2,2,291,85.26708321137897,3.8583537299999984
2,2,208,1.4670286518068494,3.8583537299999984
2,2,201,76.14983383785717,3.8583537299999984
2,2,283,91.04915563667873,3.8583537299999984
2,2,271,23.20970495000266,3.8583537299999984
2,2,250,14.454864726298581,3.8583537299999984
2,2,240,64.84599546977374,3.8583537299999984
2,2,219,90.88323897820885,3.8583537299999984
2,2,221,5.843800533357461,3.8583537299999984
2,2,300,74.76445311010207,3.8583537299999984
2,2,224,82.25251452995205,3.8583537299999984
2,2,223,7.417738787786536,3.8583537299999984
2,2,217,33.979660231612456,3.8583537299999984
2,2,231,70.08049203706257,3.8583537299999984
2,2,235,86.07881462113741,3.8583537299999984
2,2,261,22.5223054344184,3.8583537299999984
2,2,229,82.19450189216906,3.8583537299999984
2,2,211,92.82909791715254,3.8583537299999984
2,2,204,32.60157214753048,3.8583537299999984
2,2,227,54.00255282418084,3.8583537299999984
2,2,257,42.51324934171728,3.8583537299999984
2,2,215,12.194377931027827,3.8583537299999984
2,2,278,65.1118016617997,3.8583537299999984
2,2,228,23.20227728093888,3.8583537299999984
2,2,218,30.37517961819836,3.8583537299999984
2,2,209,40.9773038319402,3.8583537299999984
2,2,200,30.17258760865338,3.8583537299999984
2,2,207,17.370174891492724,3.8583537299999984
2,2,237,33.406779649777945,3.8583537299999984
2,2,244,17.52995906449666,3.8583537299999984
2,2,214,77.41679197537796,3.8583537299999984
2,2,225,25.471984933493367,3.8583537299999984
2,2,252,7.805845675447458,3.8583537299999984
2,2,273,47.38556519300667,3.8583537299999984
2,2,251,41.48977596791332,3.8583537299999984
2,2,268,87.40820528812954,3.8583537299999984
2,2,285,13.172235603109645,3.8583537299999984
2,2,272,39.878751049723405,3.8583537299999984
2,3,237,28.406779649777945,5.011393780948256
2,3,233,39.95802344321491,5.011393780948256
2,3,220,1.5045382740080022,5.011393780948256
2,3,230,38.37446726842762,5.011393780948256
2,3,257,37.51324934171728,5.011393780948256
2,3,218,25.37517961819836,5.011393780948256
2,3,285,8.172235603109645,5.011393780948256
2,3,263,89.26467016824398,5.011393780948256
2,3,227,49.00255282418084,5.011393780948256
2,3,213,42.12204667274052,5.011393780948256
2,3,260,79.70454914867216,5.011393780948256
2,3,244,12.529959064496659,5.011393780948256
2,3,241,9.53581052174993,5.011393780948256
2,3,203,40.46340984432188,5.011393780948256
2,3,212,37.013132024494716,5.011393780948256
2,3,235,81.07881462113741,5.011393780948256
2,3,293,3.3549817851197012,5.011393780948256
2,3,259,57.146442335957346,5.011393780948256
2,3,240,59.84599546977374,5.011393780948256
2,3,221,0.8438005333574612,5.011393780948256
2,3,279,59.10396208352171,5.011393780948256
2,3,250,9.454864726298581,5.011393780948256
2,3,273,42.38556519300667,5.011393780948256
2,3,281,0.0,5.011393780948256
2,3,258,63.41294362726347,5.011393780948256
2,3,287,0.0,5.011393780948256
2,3,253,7.639209812175249,5.011393780948256
2,3,256,47.813898434931275,5.011393780948256
2,3,202,0.0,5.011393780948256
2,3,248,85.66736986577793,5.011393780948256
2,3,286,79.50675690196077,5.011393780948256
2,3,262,44.24735335082573,5.011393780948256
2,3,282,30.394799657406168,5.011393780948256
2,3,261,17.5223054344184,5.011393780948256
2,3,238,49.697560977314154,5.011393780948256
2,3,224,77.25251452995205,5.011393780948256
2,3,276,13.643173130739193,5.011393780948256
2,3,280,61.744930964770376,5.011393780948256
2,3,204,27.601572147530483,5.011393780948256
2,3,211,87.82909791715254,5.011393780948256
2,3,226,44.97295098485977,5.011393780948256
2,3,268,82.40820528812954,5.011393780948256
2,3,225,20.471984933493367,5.011393780948256
2,3,223,2.4177387877865364,5.011393780948256
2,3,236,8.670729232246341,5.011393780948256
2,3,201,71.14983383785717,5.011393780948256
2,3,251,36.48977596791332,5.011393780948256
2,3,205,0.0077717970479600496,5.011393780948256
2,3,299,29.00448199450981,5.011393780948256
2,3,209,35.9773038319402,5.011393780948256
2,3,229,77.19450189216906,5.011393780948256
2,3,290,15.767316086260205,5.011393780948256
2,3,245,71.81421097157936,5.011393780948256
2,3,231,65.08049203706257,5.011393780948256
2,3,217,28.979660231612456,5.011393780948256
2,3,222,25.000780921100613,5.011393780948256
2,3,239,54.0036569453937,5.011393780948256
2,3,249,65.77346840752804,5.011393780948256
2,3,215,7.194377931027827,5.011393780948256
2,3,228,18.20227728093888,5.011393780948256
2,3,283,86.04915563667873,5.011393780948256
2,3,289,3.505349724501002,5.011393780948256
2,3,275,6.828067212554419,5.011393780948256
2,3,269,28.1332340095913,5.011393780948256
2,3,243,9.286013209616303,5.011393780948256
2,3,242,40.00626577091653,5.011393780948256
2,3,214,72.41679197537796,5.011393780948256
2,3,278,60.1118016617997,5.011393780948256
2,3,255,71.4003599891309,5.011393780948256
2,3,288,68.01111269544496,5.011393780948256
2,3,271,18.20970495000266,5.011393780948256
2,3,206,68.23760014949087,5.011393780948256
2,3,277,60.77552347500506,5.011393780948256
2,3,300,69.76445311010207,5.011393780948256
2,3,292,73.6823259372058,5.011393780948256
2,3,272,34.878751049723405,5.011393780948256
2,3,219,85.88323897820885,5.011393780948256
2,3,264,83.35481085925035,5.011393780948256
2,3,270,49.031510433532816,5.011393780948256
2,3,216,18.194055383356705,5.011393780948256
2,3,266,9.63291694134709,5.011393780948256
2,3,295,28.94139546781387,5.011393780948256
2,3,210,11.770162662247795,5.011393780948256
2,3,297,87.84481642416193,5.011393780948256
2,3,298,45.98564248335008,5.011393780948256
2,3,246,63.94459342759606,5.011393780948256
2,3,254,4.9353375495445135,5.011393780948256
2,3,200,25.17258760865338,5.011393780948256
2,3,284,3.063373369319166,5.011393780948256
2,3,296,31.11532898391964,5.011393780948256
2,3,265,0.0,5.011393780948256
2,3,208,0.0,5.011393780948256
2,3,207,12.370174891492724,5.011393780948256
2,3,294,77.46243760696272,5.011393780948256
2,3,267,31.918298808004508,5.011393780948256
2,3,291,80.26708321137897,5.011393780948256
2,3,252,2.8058456754474577,5.011393780948256
2,3,232,76.60338397699809,5.011393780948256
2,3,234,24.11940774871711,5.011393780948256
2,4,236,3.670729232246341,6.507277694944415
2,4,248,80.66736986577793,6.507277694944415
2,4,283,81.04915563667873,6.507277694944415
2,4,223,0.0,6.507277694944415
2,4,228,13.20227728093888,6.507277694944415
2,4,298,40.98564248335008,6.507277694944415
2,4,245,66.81421097157936,6.507277694944415
2,4,282,25.394799657406168,6.507277694944415
2,4,279,54.10396208352171,6.507277694944415
2,4,263,84.26467016824398,6.507277694944415
2,4,210,6.770162662247795,6.507277694944415
2,4,252,0.0,6.507277694944415
2,4,238,44.697560977314154,6.507277694944415
2,4,213,37.12204667274052,6.507277694944415
2,4,299,24.00448199450981,6.507277694944415
2,4,286,74.50675690196077,6.507277694944415
2,4,234,19.11940774871711,6.507277694944415
2,4,230,33.37446726842762,6.507277694944415
2,4,204,22.601572147530483,6.507277694944415
2,4,227,44.00255282418084,6.507277694944415
2,4,251,31.489775967913317,6.507277694944415
2,4,212,32.013132024494716,6.507277694944415
2,4,284,0.0,6.507277694944415
2,4,217,23.979660231612456,6.507277694944415
2,4,261,12.5223054344184,6.507277694944415
2,4,280,56.744930964770376,6.507277694944415
2,4,250,4.454864726298581,6.507277694944415
2,4,294,72.46243760696272,6.507277694944415
2,4,249,60.77346840752804,6.507277694944415
2,4,224,72.25251452995205,6.507277694944415
2,4,262,39.24735335082573,6.507277694944415
2,4,255,66.4003599891309,6.507277694944415
2,4,260,74.70454914867216,6.507277694944415
2,4,277,55.77552347500506,6.507277694944415
2,4,243,4.2860132096163035,6.507277694944415
2,4,233,34.95802344321491,6.507277694944415
2,4,225,15.471984933493367,6.507277694944415
2,4,240,54.84599546977374,6.507277694944415
2,4,270,44.031510433532816,6.507277694944415
2,4,254,0.0,6.507277694944415
2,4,276,8.643173130739193,6.507277694944415
2,4,269,23.1332340095913,6.507277694944415
2,4,296,26.11532898391964,6.507277694944415
2,4,253,2.639209812175249,6.507277694944415
2,4,229,72.19450189216906,6.507277694944415
2,4,293,0.0,6.507277694944415
2,4,267,26.918298808004508,6.507277694944415
2,4,295,23.94139546781387,6.507277694944415
2,4,219,80.88323897820885,6.507277694944415
2,4,218,20.37517961819836,6.507277694944415
2,4,264,78.35481085925035,6.507277694944415
2,4,231,60.08049203706257,6.507277694944415
2,4,285,3.1722356031096446,6.507277694944415
2,4,291,75.26708321137897,6.507277694944415
2,4,268,77.40820528812954,6.507277694944415
2,4,241,4.53581052174993,6.507277694944415
2,4,200,20.17258760865338,6.507277694944415
2,4,289,0.0,6.507277694944415
2,4,205,0.0,6.507277694944415
2,4,215,2.1943779310278266,6.507277694944415
2,4,239,49.0036569453937,6.507277694944415
2,4,237,23.406779649777945,6.507277694944415
2,4,292,68.6823259372058,6.507277694944415
2,4,209,30.977303831940198,6.507277694944415
2,4,288,63.011112695444965,6.507277694944415
2,4,271,13.20970495000266,6.507277694944415
2,4,256,42.813898434931275,6.507277694944415
2,4,259,52.146442335957346,6.507277694944415
2,4,201,66.14983383785717,6.507277694944415
2,4,275,1.8280672125544193,6.507277694944415
2,4,232,71.60338397699809,6.507277694944415
2,4,211,82.82909791715254,6.507277694944415
2,4,203,35.46340984432188,6.507277694944415
2,4,242,35.00626577091653,6.507277694944415
2,4,216,13.194055383356705,6.507277694944415
2,4,266,4.632916941347091,6.507277694944415
2,4,246,58.94459342759606,6.507277694944415
2,4,273,37.38556519300667,6.507277694944415
2,4,278,55.1118016617997,6.507277694944415
2,4,297,82.84481642416193,6.507277694944415
2,4,220,0.0,6.507277694944415
2,4,300,64.76445311010207,6.507277694944415
2,4,290,10.767316086260205,6.507277694944415
2,4,226,39.97295098485977,6.507277694944415
2,4,244,7.5299590644966585,6.507277694944415
2,4,222,20.000780921100613,6.507277694944415
2,4,257,32.51324934171728,6.507277694944415
2,4,221,0.0,6.507277694944415
2,4,258,58.41294362726347,6.507277694944415
2,4,207,7.370174891492724,6.507277694944415
2,4,235,76.07881462113741,6.507277694944415
2,4,214,67.41679197537796,6.507277694944415
2,4,272,29.878751049723405,6.507277694944415
2,4,206,63.23760014949087,6.507277694944415
2,5,211,77.82909791715254,8.446757604528003
2,5,210,1.7701626622477953,8.446757604528003
2,5,215,0.0,8.446757604528003
2,5,300,59.76445311010207,8.446757604528003
2,5,204,17.601572147530483,8.446757604528003
2,5,273,32.38556519300667,8.446757604528003
2,5,286,69.50675690196077,8.446757604528003
2,5,224,67.25251452995205,8.446757604528003
2,5,227,39.00255282418084,8.446757604528003
2,5,217,18.979660231612456,8.446757604528003
2,5,207,2.3701748914927236,8.446757604528003
2,5,283,76.04915563667873,8.446757604528003
2,5,263,79.26467016824398,8.446757604528003
2,5,260,69.70454914867216,8.446757604528003
2,5,248,75.66736986577793,8.446757604528003
2,5,270,39.031510433532816,8.446757604528003
2,5,203,30.46340984432188,8.446757604528003
2,5,255,61.400359989130905,8.446757604528003
2,5,269,18.1332340095913,8.446757604528003
2,5,271,8.20970495000266,8.446757604528003
2,5,216,8.194055383356705,8.446757604528003
2,5,256,37.813898434931275,8.446757604528003
2,5,233,29.958023443214913,8.446757604528003
2,5,229,67.19450189216906,8.446757604528003
2,5,245,61.81421097157936,8.446757604528003
2,5,275,0.0,8.446757604528003
2,5,231,55.08049203706257,8.446757604528003
2,5,292,63.6823259372058,8.446757604528003
2,5,201,61.14983383785717,8.446757604528003
2,5,296,21.11532898391964,8.446757604528003
2,5,276,3.643173130739193,8.446757604528003
2,5,226,34.97295098485977,8.446757604528003
2,5,200,15.17258760865338,8.446757604528003
2,5,280,51.744930964770376,8.446757604528003
2,5,238,39.697560977314154,8.446757604528003
2,5,214,62.41679197537796,8.446757604528003
2,5,266,0.0,8.446757604528003
2,5,249,55.77346840752804,8.446757604528003
2,5,272,24.878751049723405,8.446757604528003
2,5,294,67.46243760696272,8.446757604528003
2,5,241,0.0,8.446757604528003
2,5,285,0.0,8.446757604528003
2,5,257,27.513249341717277,8.446757604528003
2,5,267,21.918298808004508,8.446757604528003
2,5,262,34.24735335082573,8.446757604528003
2,5,219,75.88323897820885,8.446757604528003
2,5,250,0.0,8.446757604528003
2,5,240,49.84599546977374,8.446757604528003
2,5,282,20.394799657406168,8.446757604528003
2,5,237,18.406779649777945,8.446757604528003
2,5,261,7.522305434418399,8.446757604528003
2,5,243,0.0,8.446757604528003
2,5,225,10.471984933493367,8.446757604528003
2,5,277,50.77552347500506,8.446757604528003
2,5,212,27.013132024494716,8.446757604528003
2,5,279,49.10396208352171,8.446757604528003
2,5,206,58.23760014949087,8.446757604528003
2,5,264,73.35481085925035,8.446757604528003
2,5,236,0.0,8.446757604528003
2,5,246,53.94459342759606,8.446757604528003
2,5,213,32.12204667274052,8.446757604528003
2,5,290,5.767316086260205,8.446757604528003
2,5,295,18.94139546781387,8.446757604528003
2,5,209,25.977303831940198,8.446757604528003
2,5,297,77.84481642416193,8.446757604528003
2,5,232,66.60338397699809,8.446757604528003
2,5,228,8.20227728093888,8.446757604528003
2,5,291,70.26708321137897,8.446757604528003
2,5,258,53.41294362726347,8.446757604528003
2,5,268,72.40820528812954,8.446757604528003
2,5,278,50.1118016617997,8.446757604528003
2,5,222,15.000780921100613,8.446757604528003
2,5,234,14.119407748717109,8.446757604528003
2,5,299,19.00448199450981,8.446757604528003
2,5,298,35.98564248335008,8.446757604528003
2,5,235,71.07881462113741,8.446757604528003
2,5,218,15.37517961819836,8.446757604528003
2,5,253,0.0,8.446757604528003
2,5,239,44.0036569453937,8.446757604528003
2,5,251,26.489775967913317,8.446757604528003
2,5,242,30.006265770916528,8.446757604528003
2,5,230,28.374467268427622,8.446757604528003
2,5,259,47.146442335957346,8.446757604528003
2,5,244,2.5299590644966585,8.446757604528003
2,5,288,58.011112695444965,8.446757604528003
2,6,276,8.643173130739193,0.9593805716775083
2,6,203,25.46340984432188,0.9593805716775083
2,6,228,3.2022772809388798,0.9593805716775083
2,6,212,22.013132024494716,0.9593805716775083
2,6,214,57.41679197537796,0.9593805716775083
2,6,258,48.41294362726347,0.9593805716775083
2,6,298,30.985642483350077,0.9593805716775083
2,6,211,72.82909791715254,0.9593805716775083
2,6,230,23.374467268427622,0.9593805716775083
2,6,234,9.119407748717109,0.9593805716775083
2,6,224,62.25251452995205,0.9593805716775083
2,6,272,19.878751049723405,0.9593805716775083
2,6,201,56.14983383785717,0.9593805716775083
2,6,244,0.0,0.9593805716775083
2,6,219,70.88323897820885,0.9593805716775083
2,6,260,64.70454914867216,0.9593805716775083
2,6,263,74.26467016824398,0.9593805716775083
2,6,256,32.813898434931275,0.9593805716775083
2,6,280,46.744930964770376,0.9593805716775083
2,6,251,21.489775967913317,0.9593805716775083
2,6,277,45.77552347500506,0.9593805716775083
2,6,248,70.66736986577793,0.9593805716775083
2,6,240,44.84599546977374,0.9593805716775083
2,6,286,64.50675690196077,0.9593805716775083
2,6,217,13.979660231612456,0.9593805716775083
2,6,222,10.000780921100613,0.9593805716775083
2,6,237,13.406779649777945,0.9593805716775083
2,6,229,62.19450189216906,0.9593805716775083
2,6,294,62.46243760696272,0.9593805716775083
2,6,295,13.94139546781387,0.9593805716775083
2,6,278,45.1118016617997,0.9593805716775083
2,6,255,56.400359989130905,0.9593805716775083
2,6,268,67.40820528812954,0.9593805716775083
2,6,210,0.0,0.9593805716775083
2,6,282,15.394799657406168,0.9593805716775083
2,6,279,44.10396208352171,0.9593805716775083
2,6,233,24.958023443214913,0.9593805716775083
2,6,225,5.471984933493367,0.9593805716775083
2,6,213,27.122046672740517,0.9593805716775083
2,6,296,16.11532898391964,0.9593805716775083
2,6,245,56.81421097157936,0.9593805716775083
2,6,226,29.97295098485977,0.9593805716775083
2,6,271,3.20970495000266,0.9593805716775083
2,6,231,50.08049203706257,0.9593805716775083
2,6,273,27.38556519300667,0.9593805716775083
2,6,283,71.04915563667873,0.9593805716775083
2,6,249,50.77346840752804,0.9593805716775083
2,6,200,10.17258760865338,0.9593805716775083
2,6,216,3.194055383356705,0.9593805716775083
2,6,246,48.94459342759606,0.9593805716775083
2,6,299,14.00448199450981,0.9593805716775083
2,6,269,13.133234009591298,0.9593805716775083
2,6,290,0.7673160862602053,0.9593805716775083
2,6,238,34.697560977314154,0.9593805716775083
2,6,218,10.37517961819836,0.9593805716775083
2,6,206,53.23760014949087,0.9593805716775083
2,6,232,61.60338397699809,0.9593805716775083
2,6,209,20.977303831940198,0.9593805716775083
2,6,261,2.5223054344183993,0.9593805716775083
2,6,264,68.35481085925035,0.9593805716775083
2,6,239,39.0036569453937,0.9593805716775083
2,6,300,54.76445311010207,0.9593805716775083
2,6,262,29.247353350825733,0.9593805716775083
2,6,292,58.6823259372058,0.9593805716775083
2,6,291,65.26708321137897,0.9593805716775083
2,6,227,34.00255282418084,0.9593805716775083
2,6,257,22.513249341717277,0.9593805716775083
2,6,259,42.146442335957346,0.9593805716775083
2,6,207,0.0,0.9593805716775083
2,6,270,34.031510433532816,0.9593805716775083
2,6,288,53.011112695444965,0.9593805716775083
2,6,235,66.07881462113741,0.9593805716775083
2,6,204,12.601572147530483,0.9593805716775083
2,6,242,25.006265770916528,0.9593805716775083
2,6,267,16.918298808004508,0.9593805716775083
2,6,297,72.84481642416193,0.9593805716775083
2,7,255,51.400359989130905,1.246918619856367
2,7,240,39.84599546977374,1.246918619856367
2,7,232,56.60338397699809,1.246918619856367
2,7,216,0.0,1.246918619856367
2,7,260,59.70454914867216,1.246918619856367
2,7,246,43.94459342759606,1.246918619856367
2,7,268,62.40820528812954,1.246918619856367
2,7,278,40.1118016617997,1.246918619856367
2,7,272,14.878751049723405,1.246918619856367
2,7,211,67.82909791715254,1.246918619856367
2,7,271,0.0,1.246918619856367
2,7,238,29.697560977314154,1.246918619856367
2,7,263,69.26467016824398,1.246918619856367
2,7,292,53.6823259372058,1.246918619856367
2,7,298,25.985642483350077,1.246918619856367
2,7,233,19.958023443214913,1.246918619856367
2,7,300,49.76445311010207,1.246918619856367
2,7,224,57.25251452995205,1.246918619856367
2,7,239,34.0036569453937,1.246918619856367
2,7,264,63.35481085925035,1.246918619856367
2,7,259,37.146442335957346,1.246918619856367
2,7,229,57.19450189216906,1.246918619856367
2,7,218,5.375179618198359,1.246918619856367
2,7,280,41.744930964770376,1.246918619856367
2,7,273,22.38556519300667,1.246918619856367
2,7,288,48.011112695444965,1.246918619856367
2,7,249,45.77346840752804,1.246918619856367
2,7,251,16.489775967913317,1.246918619856367
2,7,245,51.81421097157936,1.246918619856367
2,7,258,43.41294362726347,1.246918619856367
2,7,200,5.17258760865338,1.246918619856367
2,7,219,65.88323897820885,1.246918619856367
2,7,225,0.471984933493367,1.246918619856367
2,7,276,3.643173130739193,1.246918619856367
2,7,283,66.04915563667873,1.246918619856367
2,7,237,8.406779649777945,1.246918619856367
2,7,213,22.122046672740517,1.246918619856367
2,7,214,52.41679197537796,1.246918619856367
2,7,228,0.0,1.246918619856367
2,7,209,15.977303831940198,1.246918619856367
2,7,270,29.031510433532816,1.246918619856367
2,7,212,17.013132024494716,1.246918619856367
2,7,295,8.94139546781387,1.246918619856367
2,7,206,48.23760014949087,1.246918619856367
2,7,204,7.601572147530483,1.246918619856367
2,7,296,11.115328983919639,1.246918619856367
2,7,282,10.394799657406168,1.246918619856367
2,7,231,45.08049203706257,1.246918619856367
2,7,234,4.119407748717109,1.246918619856367
2,7,226,24.97295098485977,1.246918619856367
2,7,256,27.813898434931275,1.246918619856367
2,7,290,0.0,1.246918619856367
2,7,248,65.66736986577793,1.246918619856367
2,7,297,67.84481642416193,1.246918619856367
2,7,299,9.00448199450981,1.246918619856367
2,7,261,0.0,1.246918619856367
2,7,235,61.07881462113741,1.246918619856367
2,7,227,29.00255282418084,1.246918619856367
2,7,222,5.000780921100613,1.246918619856367
2,7,294,57.46243760696272,1.246918619856367
2,7,277,40.77552347500506,1.246918619856367
2,7,267,11.918298808004508,1.246918619856367
2,7,279,39.10396208352171,1.246918619856367
2,7,230,18.374467268427622,1.246918619856367
2,7,257,17.513249341717277,1.246918619856367
2,7,242,20.006265770916528,1.246918619856367
2,7,286,59.50675690196077,1.246918619856367
2,7,269,8.133234009591298,1.246918619856367
2,7,262,24.247353350825733,1.246918619856367
2,7,201,51.14983383785717,1.246918619856367
2,7,217,8.979660231612456,1.246918619856367
2,7,291,60.267083211378974,1.246918619856367
2,7,203,20.46340984432188,1.246918619856367
2,8,286,54.50675690196077,1.6205277639999138
2,8,206,43.23760014949087,1.6205277639999138
2,8,217,3.9796602316124563,1.6205277639999138
2,8,255,46.400359989130905,1.6205277639999138
2,8,245,46.81421097157936,1.6205277639999138
2,8,298,20.985642483350077,1.6205277639999138
2,8,242,15.006265770916528,1.6205277639999138
2,8,296,6.115328983919639,1.6205277639999138
2,8,278,35.1118016617997,1.6205277639999138
2,8,269,3.1332340095912983,1.6205277639999138
2,8,230,13.374467268427622,1.6205277639999138
2,8,232,51.60338397699809,1.6205277639999138
2,8,235,56.07881462113741,1.6205277639999138
2,8,229,52.19450189216906,1.6205277639999138
2,8,238,24.697560977314154,1.6205277639999138
2,8,272,9.878751049723405,1.6205277639999138
2,8,257,12.513249341717277,1.6205277639999138
2,8,256,22.813898434931275,1.6205277639999138
2,8,214,47.41679197537796,1.6205277639999138
2,8,277,35.77552347500506,1.6205277639999138
2,8,240,34.84599546977374,1.6205277639999138
2,8,299,4.00448199450981,1.6205277639999138
2,8,282,5.394799657406168,1.6205277639999138
2,8,203,15.46340984432188,1.6205277639999138
2,8,270,24.031510433532816,1.6205277639999138
2,8,213,17.122046672740517,1.6205277639999138
2,8,276,0.0,1.6205277639999138
2,8,249,40.77346840752804,1.6205277639999138
2,8,288,43.011112695444965,1.6205277639999138
2,8,218,0.3751796181983593,1.6205277639999138
2,8,251,11.489775967913317,1.6205277639999138
2,8,239,29.0036569453937,1.6205277639999138
2,8,273,17.38556519300667,1.6205277639999138
2,8,248,60.66736986577793,1.6205277639999138
2,8,204,2.601572147530483,1.6205277639999138
2,8,209,10.977303831940198,1.6205277639999138
2,8,219,60.88323897820885,1.6205277639999138
2,8,297,62.844816424161934,1.6205277639999138
2,8,227,24.00255282418084,1.6205277639999138
2,8,280,36.744930964770376,1.6205277639999138
2,8,225,0.0,1.6205277639999138
2,8,233,14.958023443214913,1.6205277639999138
2,8,246,38.94459342759606,1.6205277639999138
2,8,291,55.267083211378974,1.6205277639999138
2,8,262,19.247353350825733,1.6205277639999138
2,8,231,40.08049203706257,1.6205277639999138
2,8,224,52.25251452995205,1.6205277639999138
2,8,295,3.9413954678138694,1.6205277639999138
2,8,260,54.70454914867216,1.6205277639999138
2,8,201,46.14983383785717,1.6205277639999138
2,8,294,52.46243760696272,1.6205277639999138
2,8,200,0.1725876086533802,1.6205277639999138
2,8,264,58.35481085925035,1.6205277639999138
2,8,212,12.013132024494716,1.6205277639999138
2,8,268,57.40820528812954,1.6205277639999138
2,8,263,64.26467016824398,1.6205277639999138
2,8,226,19.97295098485977,1.6205277639999138
2,8,222,7.80921100613341E-4,1.6205277639999138
2,8,234,0.0,1.6205277639999138
2,8,259,32.146442335957346,1.6205277639999138
2,8,300,44.76445311010207,1.6205277639999138
2,8,211,62.82909791715254,1.6205277639999138
2,8,279,34.10396208352171,1.6205277639999138
2,8,283,61.049155636678734,1.6205277639999138
2,8,267,6.918298808004508,1.6205277639999138
2,8,258,38.41294362726347,1.6205277639999138
2,8,237,3.4067796497779455,1.6205277639999138
2,8,292,48.6823259372058,1.6205277639999138
2,9,279,29.103962083521708,2.1058982601297194
2,9,245,41.81421097157936,2.1058982601297194
2,9,214,42.41679197537796,2.1058982601297194
2,9,238,19.697560977314154,2.1058982601297194
2,9,240,29.84599546977374,2.1058982601297194
2,9,268,52.40820528812954,2.1058982601297194
2,9,206,38.23760014949087,2.1058982601297194
2,9,217,0.0,2.1058982601297194
2,9,203,10.46340984432188,2.1058982601297194
2,9,212,7.013132024494716,2.1058982601297194
2,9,270,19.031510433532816,2.1058982601297194
2,9,260,49.70454914867216,2.1058982601297194
2,9,291,50.267083211378974,2.1058982601297194
2,9,267,1.9182988080045078,2.1058982601297194
2,9,222,0.0,2.1058982601297194
2,9,295,0.0,2.1058982601297194
2,9,272,4.878751049723405,2.1058982601297194
2,9,292,43.6823259372058,2.1058982601297194
2,9,300,39.76445311010207,2.1058982601297194
2,9,229,47.19450189216906,2.1058982601297194
2,9,280,31.744930964770376,2.1058982601297194
2,9,230,8.374467268427622,2.1058982601297194
2,9,227,19.00255282418084,2.1058982601297194
2,9,256,17.813898434931275,2.1058982601297194
2,9,232,46.60338397699809,2.1058982601297194
2,9,282,0.3947996574061676,2.1058982601297194
2,9,213,12.122046672740517,2.1058982601297194
2,9,224,47.25251452995205,2.1058982601297194
2,9,288,38.011112695444965,2.1058982601297194
2,9,283,56.049155636678734,2.1058982601297194
2,9,231,35.08049203706257,2.1058982601297194
2,9,286,49.50675690196077,2.1058982601297194
2,9,201,41.14983383785717,2.1058982601297194
2,9,264,53.35481085925035,2.1058982601297194
2,9,278,30.111801661799703,2.1058982601297194
2,9,248,55.66736986577793,2.1058982601297194
2,9,209,5.977303831940198,2.1058982601297194
2,9,219,55.88323897820885,2.1058982601297194
2,9,269,0.0,2.1058982601297194
2,9,257,7.513249341717277,2.1058982601297194
2,9,242,10.006265770916528,2.1058982601297194
2,9,299,0.0,2.1058982601297194
2,9,233,9.958023443214913,2.1058982601297194
2,9,263,59.26467016824398,2.1058982601297194
2,9,258,33.41294362726347,2.1058982601297194
2,9,297,57.844816424161934,2.1058982601297194
2,9,251,6.489775967913317,2.1058982601297194
2,9,255,41.400359989130905,2.1058982601297194
2,9,235,51.07881462113741,2.1058982601297194
2,9,296,1.115328983919639,2.1058982601297194
2,9,237,0.0,2.1058982601297194
2,9,226,14.972950984859771,2.1058982601297194
2,9,249,35.77346840752804,2.1058982601297194
2,9,200,0.0,2.1058982601297194
2,9,211,57.82909791715254,2.1058982601297194
2,9,218,0.0,2.1058982601297194
2,9,277,30.77552347500506,2.1058982601297194
2,9,294,47.46243760696272,2.1058982601297194
2,9,246,33.94459342759606,2.1058982601297194
2,9,259,27.146442335957346,2.1058982601297194
2,9,298,15.985642483350077,2.1058982601297194
2,9,239,24.0036569453937,2.1058982601297194
2,9,204,0.0,2.1058982601297194
2,9,273,12.38556519300667,2.1058982601297194
2,9,262,14.247353350825733,2.1058982601297194
2,10,286,44.50675690196077,2.73633729592403
2,10,280,26.744930964770376,2.73633729592403
2,10,256,12.813898434931275,2.73633729592403
2,10,264,48.35481085925035,2.73633729592403
2,10,296,0.0,2.73633729592403
2,10,291,45.267083211378974,2.73633729592403
2,10,233,4.958023443214913,2.73633729592403
2,10,230,3.3744672684276225,2.73633729592403
2,10,232,41.60338397699809,2.73633729592403
2,10,251,1.4897759679133173,2.73633729592403
2,10,239,19.0036569453937,2.73633729592403
2,10,262,9.247353350825733,2.73633729592403
2,10,260,44.70454914867216,2.73633729592403
2,10,249,30.773468407528043,2.73633729592403
2,10,259,22.146442335957346,2.73633729592403
2,10,279,24.103962083521708,2.73633729592403
2,10,229,42.19450189216906,2.73633729592403
2,10,213,7.122046672740517,2.73633729592403
2,10,238,14.697560977314154,2.73633729592403
2,10,211,52.82909791715254,2.73633729592403
2,10,219,50.88323897820885,2.73633729592403
2,10,209,0.9773038319401977,2.73633729592403
2,10,245,36.81421097157936,2.73633729592403
2,10,226,9.972950984859771,2.73633729592403
2,10,288,33.011112695444965,2.73633729592403
2,10,272,0.0,2.73633729592403
2,10,246,28.94459342759606,2.73633729592403
2,10,235,46.07881462113741,2.73633729592403
2,10,206,33.23760014949087,2.73633729592403
2,10,270,14.031510433532816,2.73633729592403
2,10,214,37.41679197537796,2.73633729592403
2,10,283,51.049155636678734,2.73633729592403
2,10,242,5.006265770916528,2.73633729592403
2,10,248,50.66736986577793,2.73633729592403
2,10,255,36.400359989130905,2.73633729592403
2,10,212,2.013132024494716,2.73633729592403
2,10,263,54.26467016824398,2.73633729592403
2,10,240,24.84599546977374,2.73633729592403
2,10,297,52.844816424161934,2.73633729592403
2,10,277,25.77552347500506,2.73633729592403
2,10,298,10.985642483350077,2.73633729592403
2,10,300,34.76445311010207,2.73633729592403
2,10,201,36.14983383785717,2.73633729592403
2,10,267,0.0,2.73633729592403
2,10,273,7.38556519300667,2.73633729592403
2,10,203,5.46340984432188,2.73633729592403
2,10,268,47.40820528812954,2.73633729592403
2,10,282,0.0,2.73633729592403
2,10,227,14.002552824180839,2.73633729592403
2,10,224,42.25251452995205,2.73633729592403
2,10,278,25.111801661799703,2.73633729592403
2,10,258,28.412943627263473,2.73633729592403
2,10,294,42.46243760696272,2.73633729592403
2,10,257,2.5132493417172768,2.73633729592403
2,10,292,38.6823259372058,2.73633729592403
2,10,231,30.08049203706257,2.73633729592403
2,11,286,39.50675690196077,3.5549922221621193
2,11,226,4.9729509848597715,3.5549922221621193
2,11,256,7.813898434931275,3.5549922221621193
2,11,277,20.77552347500506,3.5549922221621193
2,11,300,29.764453110102068,3.5549922221621193
2,11,248,45.66736986577793,3.5549922221621193
2,11,203,0.46340984432188037,3.5549922221621193
2,11,238,9.697560977314154,3.5549922221621193
2,11,288,28.011112695444965,3.5549922221621193
2,11,279,19.103962083521708,3.5549922221621193
2,11,211,47.82909791715254,3.5549922221621193
2,11,258,23.412943627263473,3.5549922221621193
2,11,224,37.25251452995205,3.5549922221621193
2,11,268,42.40820528812954,3.5549922221621193
2,11,249,25.773468407528043,3.5549922221621193
2,11,278,20.111801661799703,3.5549922221621193
2,11,239,14.0036569453937,3.5549922221621193
2,11,201,31.149833837857173,3.5549922221621193
2,11,251,0.0,3.5549922221621193
2,11,242,0.006265770916527913,3.5549922221621193
2,11,298,5.985642483350077,3.5549922221621193
2,11,273,2.38556519300667,3.5549922221621193
2,11,291,40.267083211378974,3.5549922221621193
2,11,219,45.88323897820885,3.5549922221621193
2,11,294,37.46243760696272,3.5549922221621193
2,11,212,0.0,3.5549922221621193
2,11,297,47.844816424161934,3.5549922221621193
2,11,270,9.031510433532816,3.5549922221621193
2,11,229,37.19450189216906,3.5549922221621193
2,11,246,23.94459342759606,3.5549922221621193
2,11,255,31.400359989130905,3.5549922221621193
2,11,259,17.146442335957346,3.5549922221621193
2,11,232,36.60338397699809,3.5549922221621193
2,11,227,9.002552824180839,3.5549922221621193
2,11,283,46.049155636678734,3.5549922221621193
2,11,206,28.237600149490873,3.5549922221621193
2,11,260,39.70454914867216,3.5549922221621193
2,11,262,4.247353350825733,3.5549922221621193
2,11,292,33.6823259372058,3.5549922221621193
2,11,240,19.84599546977374,3.5549922221621193
2,11,213,2.1220466727405167,3.5549922221621193
2,11,231,25.08049203706257,3.5549922221621193
2,11,263,49.26467016824398,3.5549922221621193
2,11,245,31.814210971579357,3.5549922221621193
2,11,264,43.35481085925035,3.5549922221621193
2,11,214,32.41679197537796,3.5549922221621193
2,11,280,21.744930964770376,3.5549922221621193
2,11,230,0.0,3.5549922221621193
2,11,257,0.0,3.5549922221621193
2,11,235,41.07881462113741,3.5549922221621193
2,11,209,0.0,3.5549922221621193
2,11,233,0.0,3.5549922221621193
2,12,229,32.19450189216906,4.617698497900865
2,12,286,34.50675690196077,4.617698497900865
2,12,232,31.60338397699809,4.617698497900865
2,12,256,2.813898434931275,4.617698497900865
2,12,292,28.682325937205803,4.617698497900865
2,12,203,0.0,4.617698497900865
2,12,262,0.0,4.617698497900865
2,12,258,18.412943627263473,4.617698497900865
2,12,211,42.82909791715254,4.617698497900865
2,12,297,42.844816424161934,4.617698497900865
2,12,227,4.002552824180839,4.617698497900865
2,12,214,27.41679197537796,4.617698497900865
2,12,231,20.08049203706257,4.617698497900865
2,12,298,0.9856424833500768,4.617698497900865
2,12,260,34.70454914867216,4.617698497900865
2,12,273,0.0,4.617698497900865
2,12,283,41.049155636678734,4.617698497900865
2,12,246,18.94459342759606,4.617698497900865
2,12,291,35.267083211378974,4.617698497900865
2,12,255,26.400359989130905,4.617698497900865
2,12,259,12.146442335957346,4.617698497900865
2,12,219,40.88323897820885,4.617698497900865
2,12,288,23.011112695444965,4.617698497900865
2,12,242,0.0,4.617698497900865
2,12,249,20.773468407528043,4.617698497900865
2,12,279,14.103962083521708,4.617698497900865
2,12,239,9.0036569453937,4.617698497900865
2,12,238,4.697560977314154,4.617698497900865
2,12,280,16.744930964770376,4.617698497900865
2,12,206,23.237600149490873,4.617698497900865
2,12,213,0.0,4.617698497900865
2,12,240,14.84599546977374,4.617698497900865
2,12,278,15.111801661799703,4.617698497900865
2,12,235,36.07881462113741,4.617698497900865
2,12,224,32.25251452995205,4.617698497900865
2,12,300,24.764453110102068,4.617698497900865
2,12,245,26.814210971579357,4.617698497900865
2,12,226,0.0,4.617698497900865
2,12,264,38.35481085925035,4.617698497900865
2,12,268,37.40820528812954,4.617698497900865
2,12,270,4.031510433532816,4.617698497900865
2,12,248,40.66736986577793,4.617698497900865
2,12,201,26.149833837857173,4.617698497900865
2,12,294,32.46243760696272,4.617698497900865
2,12,277,15.775523475005059,4.617698497900865
2,12,263,44.26467016824398,4.617698497900865
2,13,258,13.412943627263473,5.99661110544587
2,13,279,9.103962083521708,5.99661110544587
2,13,294,27.462437606962723,5.99661110544587
2,13,288,18.011112695444965,5.99661110544587
2,13,300,19.764453110102068,5.99661110544587
2,13,259,7.146442335957346,5.99661110544587
2,13,206,18.237600149490873,5.99661110544587
2,13,280,11.744930964770376,5.99661110544587
2,13,224,27.25251452995205,5.99661110544587
2,13,232,26.60338397699809,5.99661110544587
2,13,245,21.814210971579357,5.99661110544587
2,13,263,39.26467016824398,5.99661110544587
2,13,278,10.111801661799703,5.99661110544587
2,13,297,37.844816424161934,5.99661110544587
2,13,249,15.773468407528043,5.99661110544587
2,13,260,29.704549148672157,5.99661110544587
2,13,286,29.50675690196077,5.99661110544587
2,13,227,0.0,5.99661110544587
2,13,239,4.0036569453937005,5.99661110544587
2,13,292,23.682325937205803,5.99661110544587
2,13,246,13.944593427596061,5.99661110544587
2,13,240,9.84599546977374,5.99661110544587
2,13,298,0.0,5.99661110544587
2,13,235,31.07881462113741,5.99661110544587
2,13,277,10.775523475005059,5.99661110544587
2,13,238,0.0,5.99661110544587
2,13,256,0.0,5.99661110544587
2,13,248,35.66736986577793,5.99661110544587
2,13,283,36.049155636678734,5.99661110544587
2,13,291,30.267083211378974,5.99661110544587
2,13,268,32.40820528812954,5.99661110544587
2,13,201,21.149833837857173,5.99661110544587
2,13,270,0.0,5.99661110544587
2,13,229,27.194501892169058,5.99661110544587
2,13,214,22.41679197537796,5.99661110544587
2,13,255,21.400359989130905,5.99661110544587
2,13,219,35.88323897820885,5.99661110544587
2,13,211,37.82909791715254,5.99661110544587
2,13,231,15.08049203706257,5.99661110544587
2,13,264,33.35481085925035,5.99661110544587
2,14,201,16.149833837857173,7.784806633654645
2,14,249,10.773468407528043,7.784806633654645
2,14,279,4.103962083521708,7.784806633654645
2,14,240,4.84599546977374,7.784806633654645
2,14,245,16.814210971579357,7.784806633654645
2,14,211,32.82909791715254,7.784806633654645
2,14,292,18.682325937205803,7.784806633654645
2,14,263,34.26467016824398,7.784806633654645
2,14,206,13.237600149490873,7.784806633654645
2,14,291,25.267083211378974,7.784806633654645
2,14,260,24.704549148672157,7.784806633654645
2,14,248,30.66736986577793,7.784806633654645
2,14,235,26.07881462113741,7.784806633654645
2,14,239,0.0,7.784806633654645
2,14,258,8.412943627263473,7.784806633654645
2,14,264,28.35481085925035,7.784806633654645
2,14,259,2.146442335957346,7.784806633654645
2,14,224,22.25251452995205,7.784806633654645
2,14,229,22.194501892169058,7.784806633654645
2,14,232,21.60338397699809,7.784806633654645
2,14,219,30.88323897820885,7.784806633654645
2,14,280,6.744930964770376,7.784806633654645
2,14,300,14.764453110102068,7.784806633654645
2,14,231,10.08049203706257,7.784806633654645
2,14,277,5.775523475005059,7.784806633654645
2,14,255,16.400359989130905,7.784806633654645
2,14,283,31.049155636678734,7.784806633654645
2,14,214,17.41679197537796,7.784806633654645
2,14,288,13.011112695444965,7.784806633654645
2,14,297,32.844816424161934,7.784806633654645
2,14,268,27.408205288129537,7.784806633654645
2,14,294,22.462437606962723,7.784806633654645
2,14,278,5.111801661799703,7.784806633654645
2,14,286,24.50675690196077,7.784806633654645
2,14,246,8.944593427596061,7.784806633654645
2,15,268,32.40820528812954,0.10206765945402019
2,15,277,0.775523475005059,0.10206765945402019
2,15,214,12.416791975377961,0.10206765945402019
2,15,288,8.011112695444965,0.10206765945402019
2,15,280,1.7449309647703757,0.10206765945402019
2,15,259,0.0,0.10206765945402019
2,15,232,16.60338397699809,0.10206765945402019
2,15,263,29.26467016824398,0.10206765945402019
2,15,292,13.682325937205803,0.10206765945402019
2,15,260,19.704549148672157,0.10206765945402019
2,15,286,19.50675690196077,0.10206765945402019
2,15,219,25.88323897820885,0.10206765945402019
2,15,211,27.829097917152538,0.10206765945402019
2,15,264,23.35481085925035,0.10206765945402019
2,15,206,8.237600149490873,0.10206765945402019
2,15,255,11.400359989130905,0.10206765945402019
2,15,229,17.194501892169058,0.10206765945402019
2,15,278,0.11180166179970286,0.10206765945402019
2,15,235,21.07881462113741,0.10206765945402019
2,15,245,11.814210971579357,0.10206765945402019
2,15,294,17.462437606962723,0.10206765945402019
2,15,201,11.149833837857173,0.10206765945402019
2,15,231,5.0804920370625695,0.10206765945402019
2,15,246,3.944593427596061,0.10206765945402019
2,15,240,0.0,0.10206765945402019
2,15,291,20.267083211378974,0.10206765945402019
2,15,279,0.0,0.10206765945402019
2,15,224,17.25251452995205,0.10206765945402019
2,15,249,5.773468407528043,0.10206765945402019
2,15,283,26.049155636678734,0.10206765945402019
2,15,297,27.844816424161934,0.10206765945402019
2,15,300,9.764453110102068,0.10206765945402019
2,15,258,3.4129436272634734,0.10206765945402019
2,15,248,25.66736986577793,0.10206765945402019
2,16,249,0.7734684075280427,0.13268483194809433
2,16,291,15.267083211378974,0.13268483194809433
2,16,300,4.7644531101020675,0.13268483194809433
2,16,246,0.0,0.13268483194809433
2,16,211,22.829097917152538,0.13268483194809433
2,16,201,6.149833837857173,0.13268483194809433
2,16,214,7.416791975377961,0.13268483194809433
2,16,245,6.814210971579357,0.13268483194809433
2,16,297,22.844816424161934,0.13268483194809433
2,16,224,12.252514529952052,0.13268483194809433
2,16,283,21.049155636678734,0.13268483194809433
2,16,292,8.682325937205803,0.13268483194809433
2,16,264,18.35481085925035,0.13268483194809433
2,16,288,3.0111126954449645,0.13268483194809433
2,16,280,0.0,0.13268483194809433
2,16,260,14.704549148672157,0.13268483194809433
2,16,248,20.66736986577793,0.13268483194809433
2,16,232,11.603383976998089,0.13268483194809433
2,16,206,3.2376001494908735,0.13268483194809433
2,16,294,12.462437606962723,0.13268483194809433
2,16,263,24.26467016824398,0.13268483194809433
2,16,258,0.0,0.13268483194809433
2,16,286,14.50675690196077,0.13268483194809433
2,16,255,6.400359989130905,0.13268483194809433
2,16,219,20.88323897820885,0.13268483194809433
2,16,268,27.408205288129537,0.13268483194809433
2,16,278,0.0,0.13268483194809433
2,16,231,0.08049203706256947,0.13268483194809433
2,16,229,12.194501892169058,0.13268483194809433
2,16,277,0.0,0.13268483194809433
2,16,235,16.07881462113741,0.13268483194809433
2,17,286,9.50675690196077,0.1724849999531339
2,17,297,17.844816424161934,0.1724849999531339
2,17,292,3.6823259372058033,0.1724849999531339
2,17,263,19.26467016824398,0.1724849999531339
2,17,219,15.883238978208851,0.1724849999531339
2,17,260,9.704549148672157,0.1724849999531339
2,17,255,1.400359989130905,0.1724849999531339
2,17,248,15.667369865777928,0.1724849999531339
2,17,264,13.35481085925035,0.1724849999531339
2,17,235,11.078814621137411,0.1724849999531339
2,17,231,0.0,0.1724849999531339
2,17,294,7.462437606962723,0.1724849999531339
2,17,249,0.0,0.1724849999531339
2,17,229,7.1945018921690576,0.1724849999531339
2,17,291,10.267083211378974,0.1724849999531339
2,17,224,7.252514529952052,0.1724849999531339
2,17,201,1.149833837857173,0.1724849999531339
2,17,245,1.8142109715793566,0.1724849999531339
2,17,214,2.4167919753779614,0.1724849999531339
2,17,288,0.0,0.1724849999531339
2,17,206,0.0,0.1724849999531339
2,17,300,0.0,0.1724849999531339
2,17,283,16.049155636678734,0.1724849999531339
2,17,268,22.408205288129537,0.1724849999531339
2,17,232,6.603383976998089,0.1724849999531339
2,17,211,17.829097917152538,0.1724849999531339
2,18,260,4.704549148672157,0.22422157461651143
2,18,268,17.408205288129537,0.22422157461651143
2,18,201,0.0,0.22422157461651143
2,18,232,1.6033839769980887,0.22422157461651143
2,18,263,14.264670168243981,0.22422157461651143
2,18,248,10.667369865777928,0.22422157461651143
2,18,211,12.829097917152538,0.22422157461651143
2,18,219,10.883238978208851,0.22422157461651143
2,18,229,2.1945018921690576,0.22422157461651143
2,18,283,11.049155636678734,0.22422157461651143
2,18,264,8.35481085925035,0.22422157461651143
2,18,245,0.0,0.22422157461651143
2,18,297,12.844816424161934,0.22422157461651143
2,18,294,2.462437606962723,0.22422157461651143
2,18,292,0.0,0.22422157461651143
2,18,291,5.267083211378974,0.22422157461651143
2,18,235,6.078814621137411,0.22422157461651143
2,18,255,0.0,0.22422157461651143
2,18,286,4.50675690196077,0.22422157461651143
2,18,224,2.2525145299520517,0.22422157461651143
2,18,214,0.0,0.22422157461651143
2,19,260,0.0,0.2914729644071078
2,19,248,5.667369865777928,0.2914729644071078
2,19,268,12.408205288129537,0.2914729644071078
2,19,264,3.3548108592503496,0.2914729644071078
2,19,294,0.0,0.2914729644071078
2,19,291,0.2670832113789743,0.2914729644071078
2,19,229,0.0,0.2914729644071078
2,19,232,0.0,0.2914729644071078
2,19,286,0.0,0.2914729644071078
2,19,235,1.0788146211374112,0.2914729644071078
2,19,263,9.264670168243981,0.2914729644071078
2,19,219,5.883238978208851,0.2914729644071078
2,19,224,0.0,0.2914729644071078
2,19,297,7.844816424161934,0.2914729644071078
2,19,211,7.829097917152538,0.2914729644071078
2,19,283,6.049155636678734,0.2914729644071078
2,20,291,0.0,0.37888936678254603
2,20,211,2.829097917152538,0.37888936678254603
2,20,268,7.408205288129537,0.37888936678254603
2,20,235,0.0,0.37888936678254603
2,20,297,2.844816424161934,0.37888936678254603
2,20,248,0.6673698657779283,0.37888936678254603
2,20,283,1.0491556366787336,0.37888936678254603
2,20,264,0.0,0.37888936678254603
2,20,263,4.264670168243981,0.37888936678254603
2,20,219,0.8832389782088512,0.37888936678254603
2,21,263,0.0,0.4925131096716316
2,21,211,0.0,0.4925131096716316
2,21,248,0.0,0.4925131096716316
2,21,283,0.0,0.4925131096716316
2,21,297,0.0,0.4925131096716316
2,21,268,2.408205288129537,0.4925131096716316
2,21,219,0.0,0.4925131096716316
2,22,268,0.0,0.6401942718241616
