Run, Step, Avg_Energy, Avg_Agreement
0,0,47.01241868913196,0.8961834344364159
0,1,47.08859468913196,0.89630713041399
0,2,47.15867660913196,0.8964322906764106
0,3,47.22315197553196,0.8985610396113528
0,4,47.22315197553196,0.8999064234571102
0,5,47.28246931261996,0.8999064234571102
0,6,47.28246931261996,0.9008956700222805
0,7,47.337041262740925,0.9008956700222805
0,8,47.38724745685221,0.9016976531311728
0,9,47.38724745685221,0.9010413334377244
0,10,47.43343715543458,0.9016103993297542
0,11,47.43343715543458,0.9003035438790747
0,12,47.43343715543458,0.9014706392422339
0,13,47.47593167813038,0.9014706392422339
0,14,47.47593167813038,0.8995327605652291
0,15,47.47593167813038,0.9013283801740919
0,16,47.47593167813038,0.9013283801740919
0,17,47.5150266390105,0.9013283801740919
0,18,47.55099400302022,0.8993761448509762
0,19,47.58408397790916,0.8998063293623548
0,20,47.61452675480698,0.9001720733047268
0,21,47.64253410955298,0.9004878851538471
0,22,47.64253410955298,0.9007638435937528
0,23,47.6683008759193,0.9014554184027896
0,24,47.6683008759193,0.9010072204490216
0,25,47.6683008759193,0.9014965520548883
0,26,47.6683008759193,0.9014965520548883
0,27,47.69200630097632,0.9014965520548883
0,28,47.69200630097632,0.9012223409383492
0,29,47.69200630097632,0.9015333009854721
0,30,47.69200630097632,0.9015333009854721
0,31,47.71381529202877,0.9015333009854721
0,32,47.71381529202877,0.9013986004533643
0,33,47.71381529202877,0.9015661248039462
0,34,47.71381529202877,0.9015661248039462
0,35,47.71381529202877,0.9015661248039462
0,36,47.71381529202877,0.9015661248039462
0,37,47.71381529202877,0.9015661248039462
0,38,47.73387956379702,0.9015661248039462
0,39,47.73387956379702,0.9015613093159672
0,40,47.73387956379702,0.9015954387097728
0,41,47.73387956379702,0.9015954387097728
0,42,47.73387956379702,0.9015954387097728
0,43,47.73387956379702,0.9015954387097728
0,44,47.73387956379702,0.9015954387097728
0,45,47.73387956379702,0.9015954387097728
0,46,47.73387956379702,0.9015954387097728
0,47,47.73387956379702,0.9015954387097728
0,48,47.73387956379702,0.9015954387097728
0,49,47.73387956379702,0.9015954387097728
0,50,47.73387956379702,0.9015954387097728
0,51,47.73387956379702,0.9015954387097728
0,52,47.752338693823816,0.9015954387097728
0,53,47.752338693823816,0.9015814773186811
0,54,47.752338693823816,0.9016216179016713
0,55,47.752338693823816,0.9016216179016713
0,56,47.752338693823816,0.9016216179016713
0,57,47.752338693823816,0.9016216179016713
0,58,47.752338693823816,0.9016216179016713
0,59,47.752338693823816,0.9016216179016713
0,60,47.752338693823816,0.9016216179016713
0,61,47.752338693823816,0.9016216179016713
0,62,47.752338693823816,0.9016216179016713
0,63,47.752338693823816,0.9016216179016713
0,64,47.752338693823816,0.9016216179016713
0,65,47.752338693823816,0.9016216179016713
0,66,47.76932109344847,0.9016216179016713
0,67,47.76932109344847,0.9015948613235252
0,68,47.784944901103145,0.9016450000985416
0,69,47.784944901103145,0.901607007957493
0,70,47.79931880414545,0.9016658879254493
0,71,47.79931880414545,0.9016180382018628
0,72,47.81254279494438,0.9016845529035004
0,73,47.81254279494438,0.9016280609371214
0,74,47.81254279494438,0.9017012379550878
0,75,47.81254279494438,0.9017012379550878
0,76,47.81254279494438,0.9017012379550878
0,77,47.81254279494438,0.9017012379550878
0,78,47.81254279494438,0.9017012379550878
0,79,47.81254279494438,0.9017012379550878
0,80,47.81254279494438,0.9017012379550878
0,81,47.81254279494438,0.9017012379550878
0,82,47.81254279494438,0.9017012379550878
0,83,47.81254279494438,0.9017012379550878
0,84,47.81254279494438,0.9017012379550878
0,85,47.81254279494438,0.9017012379550878
0,86,47.81254279494438,0.9017012379550878
0,87,47.81254279494438,0.9017012379550878
0,88,47.81254279494438,0.9017012379550878
0,89,47.82470886647938,0.9017012379550878
0,90,47.82470886647938,0.9016371739152007
0,91,47.82470886647938,0.901716160093656
0,92,47.82470886647938,0.901716160093656
0,93,47.82470886647938,0.901716160093656
0,94,47.82470886647938,0.901716160093656
0,95,47.82470886647938,0.901716160093656
0,96,47.82470886647938,0.901716160093656
0,97,47.82470886647938,0.901716160093656
0,98,47.829618689131955,0.901716160093656
0,99,47.829618689131955,0.9016454646047104
0,100,47.829618689131955,0.901722062506098
0,101,47.829618689131955,0.901722062506098
0,102,47.829618689131955,0.901722062506098
0,103,47.829618689131955,0.901722062506098
0,104,47.829618689131955,0.9016487848404208
0,105,47.829618689131955,0.901722062506098
0,106,47.829618689131955,0.901722062506098
0,107,47.829618689131955,0.901722062506098
0,108,47.829618689131955,0.901722062506098
0,109,47.829618689131955,0.901722062506098
0,110,47.829618689131955,0.9016487848404208
0,111,47.829618689131955,0.901722062506098
0,112,47.829618689131955,0.9016487848404208
0,113,47.829618689131955,0.901722062506098
0,114,47.829618689131955,0.901722062506098
0,115,47.829618689131955,0.9016487848404208
0,116,47.829618689131955,0.901722062506098
0,117,47.829618689131955,0.9016487848404208
0,118,47.829618689131955,0.901722062506098
0,119,47.829618689131955,0.9016487848404208
0,120,47.829618689131955,0.901722062506098
0,121,47.829618689131955,0.901722062506098
0,122,47.829618689131955,0.901722062506098
0,123,47.829618689131955,0.9016487848404208
0,124,47.829618689131955,0.901722062506098
0,125,47.829618689131955,0.901722062506098
0,126,47.829618689131955,0.901722062506098
0,127,47.829618689131955,0.901722062506098
0,128,47.829618689131955,0.901722062506098
0,129,47.829618689131955,0.901722062506098
0,130,47.829618689131955,0.901722062506098
0,131,47.829618689131955,0.901722062506098
0,132,47.829618689131955,0.901722062506098
0,133,47.829618689131955,0.901722062506098
0,134,47.829618689131955,0.901722062506098
0,135,47.829618689131955,0.901722062506098
0,136,47.829618689131955,0.901722062506098
0,137,47.829618689131955,0.901722062506098
0,138,47.829618689131955,0.901722062506098
0,139,47.829618689131955,0.901722062506098
0,140,47.829618689131955,0.901722062506098
0,141,47.829618689131955,0.9016487848404208
0,142,47.829618689131955,0.901722062506098
0,143,47.829618689131955,0.901722062506098
0,144,47.829618689131955,0.9016487848404208
0,145,47.829618689131955,0.9016487848404208
0,146,47.829618689131955,0.901722062506098
0,147,47.829618689131955,0.901722062506098
0,148,47.829618689131955,0.9016487848404208
0,149,47.829618689131955,0.901722062506098
0,150,47.829618689131955,0.9016487848404208
0,151,47.829618689131955,0.901722062506098
0,152,47.829618689131955,0.9016487848404208
0,153,47.829618689131955,0.901722062506098
0,154,47.829618689131955,0.901722062506098
0,155,47.829618689131955,0.901722062506098
0,156,47.829618689131955,0.9016487848404208
0,157,47.829618689131955,0.9016487848404208
0,158,47.829618689131955,0.901722062506098
0,159,47.829618689131955,0.901722062506098
0,160,47.829618689131955,0.901722062506098
0,161,47.829618689131955,0.901722062506098
0,162,47.829618689131955,0.901722062506098
0,163,47.829618689131955,0.901722062506098
0,164,47.829618689131955,0.9016487848404208
0,165,47.829618689131955,0.9016487848404208
0,166,47.829618689131955,0.9016487848404208
0,167,47.829618689131955,0.901722062506098
0,168,47.829618689131955,0.901722062506098
0,169,47.829618689131955,0.901722062506098
0,170,47.829618689131955,0.901722062506098
0,171,47.829618689131955,0.901722062506098
0,172,47.829618689131955,0.901722062506098
0,173,47.829618689131955,0.901722062506098
0,174,47.829618689131955,0.901722062506098
0,175,47.829618689131955,0.9016487848404208
0,176,47.829618689131955,0.901722062506098
0,177,47.829618689131955,0.901722062506098
0,178,47.829618689131955,0.9016487848404208
0,179,47.829618689131955,0.901722062506098
0,180,47.829618689131955,0.901722062506098
0,181,47.829618689131955,0.901722062506098
0,182,47.829618689131955,0.901722062506098
0,183,47.829618689131955,0.901722062506098
0,184,47.829618689131955,0.901722062506098
0,185,47.829618689131955,0.9016487848404208
0,186,47.829618689131955,0.901722062506098
0,187,47.829618689131955,0.901722062506098
0,188,47.829618689131955,0.901722062506098
0,189,47.829618689131955,0.901722062506098
0,190,47.829618689131955,0.901722062506098
0,191,47.829618689131955,0.901722062506098
0,192,47.829618689131955,0.901722062506098
0,193,47.829618689131955,0.901722062506098
0,194,47.829618689131955,0.9016487848404208
0,195,47.829618689131955,0.901722062506098
0,196,47.829618689131955,0.901722062506098
0,197,47.829618689131955,0.901722062506098
0,198,47.829618689131955,0.901722062506098
0,199,47.829618689131955,0.901722062506098
0,200,47.829618689131955,0.901722062506098
0,201,47.829618689131955,0.901722062506098
0,202,47.829618689131955,0.901722062506098
0,203,47.829618689131955,0.901722062506098
0,204,47.829618689131955,0.901722062506098
0,205,47.829618689131955,0.901722062506098
0,206,47.829618689131955,0.901722062506098
0,207,47.829618689131955,0.901722062506098
0,208,47.829618689131955,0.901722062506098
0,209,47.829618689131955,0.901722062506098
0,210,47.829618689131955,0.9016487848404208
0,211,47.829618689131955,0.9016487848404208
0,212,47.829618689131955,0.901722062506098
0,213,47.829618689131955,0.901722062506098
0,214,47.829618689131955,0.901722062506098
0,215,47.829618689131955,0.901722062506098
0,216,47.829618689131955,0.901722062506098
0,217,47.829618689131955,0.901722062506098
0,218,47.829618689131955,0.901722062506098
0,219,47.829618689131955,0.901722062506098
0,220,47.829618689131955,0.9016487848404208
0,221,47.829618689131955,0.901722062506098
0,222,47.829618689131955,0.9016487848404208
0,223,47.829618689131955,0.901722062506098
0,224,47.829618689131955,0.9016487848404208
0,225,47.829618689131955,0.901722062506098
0,226,47.829618689131955,0.9016487848404208
0,227,47.829618689131955,0.901722062506098
0,228,47.829618689131955,0.901722062506098
0,229,47.829618689131955,0.9016487848404208
0,230,47.829618689131955,0.901722062506098
0,231,47.829618689131955,0.901722062506098
0,232,47.829618689131955,0.901722062506098
0,233,47.829618689131955,0.901722062506098
0,234,47.829618689131955,0.901722062506098
0,235,47.829618689131955,0.901722062506098
0,236,47.829618689131955,0.901722062506098
0,237,47.829618689131955,0.901722062506098
0,238,47.829618689131955,0.901722062506098
0,239,47.829618689131955,0.901722062506098
0,240,47.829618689131955,0.901722062506098
0,241,47.829618689131955,0.9016487848404208
0,242,47.829618689131955,0.901722062506098
0,243,47.829618689131955,0.901722062506098
0,244,47.829618689131955,0.901722062506098
0,245,47.829618689131955,0.901722062506098
0,246,47.829618689131955,0.901722062506098
0,247,47.829618689131955,0.901722062506098
0,248,47.829618689131955,0.901722062506098
0,249,47.829618689131955,0.901722062506098
0,250,47.829618689131955,0.901722062506098
0,251,47.829618689131955,0.901722062506098
0,252,47.829618689131955,0.9016487848404208
0,253,47.829618689131955,0.901722062506098
0,254,47.829618689131955,0.901722062506098
0,255,47.829618689131955,0.9016487848404208
0,256,47.829618689131955,0.901722062506098
0,257,47.829618689131955,0.901722062506098
0,258,47.829618689131955,0.901722062506098
0,259,47.829618689131955,0.9016487848404208
0,260,47.829618689131955,0.901722062506098
0,261,47.829618689131955,0.901722062506098
0,262,47.829618689131955,0.901722062506098
0,263,47.829618689131955,0.901722062506098
0,264,47.829618689131955,0.9016487848404208
0,265,47.829618689131955,0.901722062506098
0,266,47.829618689131955,0.9016487848404208
0,267,47.829618689131955,0.901722062506098
0,268,47.829618689131955,0.901722062506098
0,269,47.829618689131955,0.901722062506098
0,270,47.829618689131955,0.901722062506098
0,271,47.829618689131955,0.9016487848404208
0,272,47.829618689131955,0.9016487848404208
0,273,47.829618689131955,0.901722062506098
0,274,47.829618689131955,0.9016487848404208
0,275,47.829618689131955,0.901722062506098
0,276,47.829618689131955,0.9016487848404208
0,277,47.829618689131955,0.9016487848404208
0,278,47.829618689131955,0.9016487848404208
0,279,47.829618689131955,0.901722062506098
0,280,47.829618689131955,0.9016487848404208
0,281,47.829618689131955,0.901722062506098
0,282,47.829618689131955,0.9016487848404208
0,283,47.829618689131955,0.901722062506098
0,284,47.829618689131955,0.901722062506098
0,285,47.829618689131955,0.901722062506098
0,286,47.829618689131955,0.901722062506098
0,287,47.829618689131955,0.9016487848404208
0,288,47.829618689131955,0.901722062506098
0,289,47.829618689131955,0.901722062506098
0,290,47.829618689131955,0.901722062506098
0,291,47.829618689131955,0.901722062506098
0,292,47.829618689131955,0.901722062506098
0,293,47.829618689131955,0.9016487848404208
0,294,47.829618689131955,0.901722062506098
0,295,47.829618689131955,0.901722062506098
0,296,47.829618689131955,0.901722062506098
0,297,47.829618689131955,0.901722062506098
0,298,47.829618689131955,0.9016487848404208
0,299,47.829618689131955,0.9016487848404208
0,300,47.829618689131955,0.9016487848404208
0,301,47.829618689131955,0.9016487848404208
0,302,47.829618689131955,0.901722062506098
0,303,47.829618689131955,0.901722062506098
0,304,47.829618689131955,0.901722062506098
0,305,47.829618689131955,0.901722062506098
0,306,47.829618689131955,0.901722062506098
0,307,47.829618689131955,0.901722062506098
0,308,47.829618689131955,0.901722062506098
0,309,47.829618689131955,0.901722062506098
0,310,47.829618689131955,0.901722062506098
0,311,47.829618689131955,0.901722062506098
0,312,47.829618689131955,0.901722062506098
0,313,47.829618689131955,0.901722062506098
0,314,47.829618689131955,0.901722062506098
0,315,47.829618689131955,0.901722062506098
0,316,47.829618689131955,0.901722062506098
0,317,47.829618689131955,0.901722062506098
0,318,47.829618689131955,0.901722062506098
0,319,47.829618689131955,0.9016487848404208
0,320,47.829618689131955,0.901722062506098
0,321,47.829618689131955,0.901722062506098
0,322,47.829618689131955,0.901722062506098
0,323,47.829618689131955,0.901722062506098
0,324,47.829618689131955,0.901722062506098
0,325,47.829618689131955,0.901722062506098
0,326,47.829618689131955,0.901722062506098
0,327,47.829618689131955,0.901722062506098
0,328,47.829618689131955,0.901722062506098
0,329,47.829618689131955,0.901722062506098
0,330,47.829618689131955,0.901722062506098
0,331,47.829618689131955,0.901722062506098
0,332,47.829618689131955,0.9016487848404208
0,333,47.829618689131955,0.901722062506098
0,334,47.829618689131955,0.901722062506098
0,335,47.829618689131955,0.901722062506098
0,336,47.829618689131955,0.901722062506098
0,337,47.829618689131955,0.901722062506098
0,338,47.829618689131955,0.901722062506098
0,339,47.829618689131955,0.901722062506098
0,340,47.829618689131955,0.901722062506098
0,341,47.829618689131955,0.901722062506098
0,342,47.829618689131955,0.901722062506098
0,343,47.829618689131955,0.901722062506098
0,344,47.829618689131955,0.901722062506098
0,345,47.829618689131955,0.9016487848404208
0,346,47.829618689131955,0.901722062506098
0,347,47.829618689131955,0.901722062506098
0,348,47.829618689131955,0.901722062506098
0,349,47.829618689131955,0.901722062506098
0,350,47.829618689131955,0.9016487848404208
0,351,47.829618689131955,0.901722062506098
0,352,47.829618689131955,0.901722062506098
0,353,47.829618689131955,0.901722062506098
0,354,47.829618689131955,0.901722062506098
0,355,47.829618689131955,0.901722062506098
0,356,47.829618689131955,0.901722062506098
0,357,47.829618689131955,0.901722062506098
0,358,47.829618689131955,0.901722062506098
0,359,47.829618689131955,0.901722062506098
0,360,47.829618689131955,0.9016487848404208
0,361,47.829618689131955,0.901722062506098
0,362,47.829618689131955,0.9016487848404208
0,363,47.829618689131955,0.901722062506098
0,364,47.829618689131955,0.901722062506098
0,365,47.829618689131955,0.9016487848404208
0,366,47.829618689131955,0.901722062506098
0,367,47.829618689131955,0.901722062506098
0,368,47.829618689131955,0.901722062506098
0,369,47.829618689131955,0.9016487848404208
0,370,47.829618689131955,0.901722062506098
0,371,47.829618689131955,0.901722062506098
0,372,47.829618689131955,0.901722062506098
0,373,47.829618689131955,0.901722062506098
0,374,47.829618689131955,0.901722062506098
0,375,47.829618689131955,0.901722062506098
0,376,47.829618689131955,0.901722062506098
0,377,47.829618689131955,0.9016487848404208
0,378,47.829618689131955,0.9016487848404208
0,379,47.829618689131955,0.901722062506098
0,380,47.829618689131955,0.901722062506098
0,381,47.829618689131955,0.9016487848404208
0,382,47.829618689131955,0.901722062506098
0,383,47.829618689131955,0.9016487848404208
0,384,47.829618689131955,0.901722062506098
0,385,47.829618689131955,0.9016487848404208
0,386,47.829618689131955,0.9016487848404208
0,387,47.829618689131955,0.9016487848404208
0,388,47.829618689131955,0.901722062506098
0,389,47.829618689131955,0.901722062506098
0,390,47.829618689131955,0.901722062506098
0,391,47.829618689131955,0.901722062506098
0,392,47.829618689131955,0.901722062506098
0,393,47.829618689131955,0.901722062506098
0,394,47.829618689131955,0.9016487848404208
0,395,47.829618689131955,0.901722062506098
0,396,47.829618689131955,0.9016487848404208
0,397,47.829618689131955,0.901722062506098
0,398,47.829618689131955,0.901722062506098
0,399,47.829618689131955,0.901722062506098
0,400,47.829618689131955,0.901722062506098
0,401,47.829618689131955,0.901722062506098
0,402,47.829618689131955,0.9016487848404208
0,403,47.829618689131955,0.901722062506098
0,404,47.829618689131955,0.9016487848404208
0,405,47.829618689131955,0.9016487848404208
0,406,47.829618689131955,0.901722062506098
0,407,47.829618689131955,0.901722062506098
0,408,47.829618689131955,0.901722062506098
0,409,47.829618689131955,0.901722062506098
0,410,47.829618689131955,0.901722062506098
0,411,47.829618689131955,0.901722062506098
0,412,47.829618689131955,0.901722062506098
0,413,47.829618689131955,0.901722062506098
0,414,47.829618689131955,0.901722062506098
0,415,47.829618689131955,0.901722062506098
0,416,47.829618689131955,0.901722062506098
0,417,47.829618689131955,0.901722062506098
0,418,47.829618689131955,0.901722062506098
0,419,47.829618689131955,0.901722062506098
0,420,47.829618689131955,0.901722062506098
0,421,47.829618689131955,0.9016487848404208
0,422,47.829618689131955,0.9016487848404208
0,423,47.829618689131955,0.901722062506098
0,424,47.829618689131955,0.901722062506098
0,425,47.829618689131955,0.901722062506098
0,426,47.829618689131955,0.901722062506098
0,427,47.829618689131955,0.9016487848404208
0,428,47.829618689131955,0.901722062506098
0,429,47.829618689131955,0.9016487848404208
0,430,47.829618689131955,0.901722062506098
0,431,47.829618689131955,0.901722062506098
0,432,47.829618689131955,0.901722062506098
0,433,47.829618689131955,0.901722062506098
0,434,47.829618689131955,0.901722062506098
0,435,47.829618689131955,0.901722062506098
0,436,47.829618689131955,0.901722062506098
0,437,47.829618689131955,0.901722062506098
0,438,47.829618689131955,0.901722062506098
0,439,47.829618689131955,0.901722062506098
0,440,47.829618689131955,0.901722062506098
0,441,47.829618689131955,0.901722062506098
0,442,47.829618689131955,0.9016487848404208
0,443,47.829618689131955,0.9016487848404208
0,444,47.829618689131955,0.901722062506098
0,445,47.829618689131955,0.901722062506098
0,446,47.829618689131955,0.901722062506098
0,447,47.829618689131955,0.9016487848404208
0,448,47.829618689131955,0.9016487848404208
0,449,47.829618689131955,0.9016487848404208
0,450,47.829618689131955,0.9016487848404208
0,451,47.829618689131955,0.901722062506098
0,452,47.829618689131955,0.9016487848404208
0,453,47.829618689131955,0.901722062506098
0,454,47.829618689131955,0.901722062506098
0,455,47.829618689131955,0.9016487848404208
0,456,47.829618689131955,0.901722062506098
0,457,47.829618689131955,0.901722062506098
0,458,47.829618689131955,0.901722062506098
0,459,47.829618689131955,0.901722062506098
0,460,47.829618689131955,0.9016487848404208
0,461,47.829618689131955,0.901722062506098
0,462,47.829618689131955,0.901722062506098
0,463,47.829618689131955,0.901722062506098
0,464,47.829618689131955,0.901722062506098
0,465,47.829618689131955,0.901722062506098
0,466,47.829618689131955,0.901722062506098
0,467,47.829618689131955,0.901722062506098
0,468,47.829618689131955,0.901722062506098
0,469,47.829618689131955,0.9016487848404208
0,470,47.829618689131955,0.901722062506098
0,471,47.829618689131955,0.901722062506098
0,472,47.829618689131955,0.9016487848404208
0,473,47.829618689131955,0.901722062506098
0,474,47.829618689131955,0.9016487848404208
0,475,47.829618689131955,0.9016487848404208
0,476,47.829618689131955,0.901722062506098
0,477,47.829618689131955,0.901722062506098
0,478,47.829618689131955,0.9016487848404208
0,479,47.829618689131955,0.9016487848404208
0,480,47.829618689131955,0.901722062506098
0,481,47.829618689131955,0.901722062506098
0,482,47.829618689131955,0.901722062506098
0,483,47.829618689131955,0.901722062506098
0,484,47.829618689131955,0.901722062506098
0,485,47.829618689131955,0.901722062506098
0,486,47.829618689131955,0.901722062506098
0,487,47.829618689131955,0.901722062506098
0,488,47.829618689131955,0.9016487848404208
0,489,47.829618689131955,0.9016487848404208
0,490,47.829618689131955,0.901722062506098
0,491,47.829618689131955,0.901722062506098
0,492,47.829618689131955,0.901722062506098
0,493,47.829618689131955,0.9016487848404208
0,494,47.829618689131955,0.901722062506098
0,495,47.829618689131955,0.901722062506098
0,496,47.829618689131955,0.901722062506098
0,497,47.829618689131955,0.901722062506098
0,498,47.829618689131955,0.901722062506098
0,499,47.829618689131955,0.901722062506098
0,500,47.829618689131955,0.901722062506098
0,501,47.829618689131955,0.901722062506098
0,502,47.829618689131955,0.901722062506098
0,503,47.829618689131955,0.901722062506098
0,504,47.829618689131955,0.901722062506098
0,505,47.829618689131955,0.901722062506098
0,506,47.829618689131955,0.9016487848404208
0,507,47.829618689131955,0.9016487848404208
0,508,47.829618689131955,0.901722062506098
0,509,47.829618689131955,0.901722062506098
0,510,47.829618689131955,0.901722062506098
0,511,47.829618689131955,0.901722062506098
0,512,47.829618689131955,0.901722062506098
0,513,47.829618689131955,0.901722062506098
0,514,47.829618689131955,0.901722062506098
0,515,47.829618689131955,0.901722062506098
0,516,47.829618689131955,0.901722062506098
0,517,47.829618689131955,0.901722062506098
0,518,47.829618689131955,0.901722062506098
0,519,47.829618689131955,0.901722062506098
0,520,47.829618689131955,0.9016487848404208
0,521,47.829618689131955,0.901722062506098
0,522,47.829618689131955,0.901722062506098
0,523,47.829618689131955,0.901722062506098
0,524,47.829618689131955,0.901722062506098
0,525,47.829618689131955,0.901722062506098
0,526,47.829618689131955,0.901722062506098
0,527,47.829618689131955,0.901722062506098
0,528,47.829618689131955,0.9016487848404208
0,529,47.829618689131955,0.901722062506098
0,530,47.829618689131955,0.901722062506098
0,531,47.829618689131955,0.901722062506098
0,532,47.829618689131955,0.901722062506098
0,533,47.829618689131955,0.901722062506098
0,534,47.829618689131955,0.901722062506098
0,535,47.829618689131955,0.901722062506098
0,536,47.829618689131955,0.901722062506098
0,537,47.829618689131955,0.901722062506098
0,538,47.829618689131955,0.901722062506098
0,539,47.829618689131955,0.901722062506098
0,540,47.829618689131955,0.9016487848404208
0,541,47.829618689131955,0.901722062506098
0,542,47.829618689131955,0.901722062506098
0,543,47.829618689131955,0.901722062506098
0,544,47.829618689131955,0.901722062506098
0,545,47.829618689131955,0.9016487848404208
0,546,47.829618689131955,0.901722062506098
0,547,47.829618689131955,0.901722062506098
0,548,47.829618689131955,0.9016487848404208
0,549,47.829618689131955,0.901722062506098
0,550,47.829618689131955,0.901722062506098
0,551,47.829618689131955,0.9016487848404208
0,552,47.829618689131955,0.901722062506098
0,553,47.829618689131955,0.901722062506098
0,554,47.829618689131955,0.901722062506098
0,555,47.829618689131955,0.901722062506098
0,556,47.829618689131955,0.901722062506098
0,557,47.829618689131955,0.901722062506098
0,558,47.829618689131955,0.901722062506098
0,559,47.829618689131955,0.901722062506098
0,560,47.829618689131955,0.9016487848404208
0,561,47.829618689131955,0.901722062506098
0,562,47.829618689131955,0.901722062506098
0,563,47.829618689131955,0.9016487848404208
0,564,47.829618689131955,0.9016487848404208
0,565,47.829618689131955,0.901722062506098
0,566,47.829618689131955,0.9016487848404208
0,567,47.829618689131955,0.901722062506098
0,568,47.829618689131955,0.9016487848404208
0,569,47.829618689131955,0.9016487848404208
0,570,47.829618689131955,0.9016487848404208
0,571,47.829618689131955,0.9016487848404208
0,572,47.829618689131955,0.901722062506098
0,573,47.829618689131955,0.901722062506098
0,574,47.829618689131955,0.901722062506098
0,575,47.829618689131955,0.9016487848404208
0,576,47.829618689131955,0.901722062506098
0,577,47.829618689131955,0.901722062506098
0,578,47.829618689131955,0.9016487848404208
0,579,47.829618689131955,0.901722062506098
0,580,47.829618689131955,0.9016487848404208
0,581,47.829618689131955,0.901722062506098
0,582,47.829618689131955,0.901722062506098
0,583,47.829618689131955,0.901722062506098
0,584,47.829618689131955,0.901722062506098
0,585,47.829618689131955,0.901722062506098
0,586,47.829618689131955,0.901722062506098
0,587,47.829618689131955,0.901722062506098
0,588,47.829618689131955,0.901722062506098
0,589,47.829618689131955,0.901722062506098
0,590,47.829618689131955,0.9016487848404208
0,591,47.829618689131955,0.901722062506098
0,592,47.829618689131955,0.9016487848404208
0,593,47.829618689131955,0.901722062506098
0,594,47.829618689131955,0.901722062506098
0,595,47.829618689131955,0.901722062506098
0,596,47.829618689131955,0.9016487848404208
0,597,47.829618689131955,0.901722062506098
0,598,47.829618689131955,0.901722062506098
0,599,47.829618689131955,0.901722062506098
0,600,47.829618689131955,0.9016487848404208
0,601,47.829618689131955,0.901722062506098
0,602,47.829618689131955,0.901722062506098
0,603,47.829618689131955,0.901722062506098
0,604,47.829618689131955,0.901722062506098
0,605,47.829618689131955,0.901722062506098
0,606,47.829618689131955,0.901722062506098
0,607,47.829618689131955,0.901722062506098
0,608,47.829618689131955,0.901722062506098
0,609,47.829618689131955,0.901722062506098
0,610,47.829618689131955,0.901722062506098
0,611,47.829618689131955,0.901722062506098
0,612,47.829618689131955,0.901722062506098
0,613,47.829618689131955,0.9016487848404208
0,614,47.829618689131955,0.901722062506098
0,615,47.829618689131955,0.901722062506098
0,616,47.829618689131955,0.901722062506098
0,617,47.829618689131955,0.901722062506098
0,618,47.829618689131955,0.901722062506098
0,619,47.829618689131955,0.901722062506098
0,620,47.829618689131955,0.9016487848404208
0,621,47.829618689131955,0.901722062506098
0,622,47.829618689131955,0.901722062506098
0,623,47.829618689131955,0.901722062506098
0,624,47.829618689131955,0.9016487848404208
0,625,47.829618689131955,0.9016487848404208
0,626,47.829618689131955,0.9016487848404208
0,627,47.829618689131955,0.901722062506098
0,628,47.829618689131955,0.901722062506098
0,629,47.829618689131955,0.901722062506098
0,630,47.829618689131955,0.901722062506098
0,631,47.829618689131955,0.901722062506098
0,632,47.829618689131955,0.901722062506098
0,633,47.829618689131955,0.901722062506098
0,634,47.829618689131955,0.901722062506098
0,635,47.829618689131955,0.901722062506098
0,636,47.829618689131955,0.9016487848404208
0,637,47.829618689131955,0.901722062506098
0,638,47.829618689131955,0.901722062506098
0,639,47.829618689131955,0.901722062506098
0,640,47.829618689131955,0.901722062506098
0,641,47.829618689131955,0.9016487848404208
0,642,47.829618689131955,0.9016487848404208
0,643,47.829618689131955,0.9016487848404208
0,644,47.829618689131955,0.901722062506098
0,645,47.829618689131955,0.901722062506098
0,646,47.829618689131955,0.901722062506098
0,647,47.829618689131955,0.901722062506098
0,648,47.829618689131955,0.901722062506098
0,649,47.829618689131955,0.9016487848404208
0,650,47.829618689131955,0.901722062506098
0,651,47.829618689131955,0.901722062506098
0,652,47.829618689131955,0.901722062506098
0,653,47.829618689131955,0.901722062506098
0,654,47.829618689131955,0.901722062506098
0,655,47.829618689131955,0.9016487848404208
0,656,47.829618689131955,0.901722062506098
0,657,47.829618689131955,0.901722062506098
0,658,47.829618689131955,0.901722062506098
0,659,47.829618689131955,0.901722062506098
0,660,47.829618689131955,0.9016487848404208
0,661,47.829618689131955,0.901722062506098
0,662,47.829618689131955,0.9016487848404208
0,663,47.829618689131955,0.901722062506098
0,664,47.829618689131955,0.901722062506098
0,665,47.829618689131955,0.901722062506098
0,666,47.829618689131955,0.901722062506098
0,667,47.829618689131955,0.901722062506098
0,668,47.829618689131955,0.901722062506098
0,669,47.829618689131955,0.901722062506098
0,670,47.829618689131955,0.901722062506098
0,671,47.829618689131955,0.901722062506098
0,672,47.829618689131955,0.901722062506098
0,673,47.829618689131955,0.901722062506098
0,674,47.829618689131955,0.901722062506098
0,675,47.829618689131955,0.9016487848404208
0,676,47.829618689131955,0.901722062506098
0,677,47.829618689131955,0.901722062506098
0,678,47.829618689131955,0.901722062506098
0,679,47.829618689131955,0.901722062506098
0,680,47.829618689131955,0.901722062506098
0,681,47.829618689131955,0.901722062506098
0,682,47.829618689131955,0.901722062506098
0,683,47.829618689131955,0.901722062506098
0,684,47.829618689131955,0.901722062506098
0,685,47.829618689131955,0.901722062506098
0,686,47.829618689131955,0.901722062506098
0,687,47.829618689131955,0.901722062506098
0,688,47.829618689131955,0.901722062506098
0,689,47.829618689131955,0.9016487848404208
0,690,47.829618689131955,0.901722062506098
0,691,47.829618689131955,0.9016487848404208
0,692,47.829618689131955,0.901722062506098
0,693,47.829618689131955,0.901722062506098
0,694,47.829618689131955,0.901722062506098
0,695,47.829618689131955,0.901722062506098
0,696,47.829618689131955,0.901722062506098
0,697,47.829618689131955,0.901722062506098
0,698,47.829618689131955,0.901722062506098
0,699,47.829618689131955,0.901722062506098
0,700,47.829618689131955,0.9016487848404208
0,701,47.829618689131955,0.901722062506098
0,702,47.829618689131955,0.901722062506098
0,703,47.829618689131955,0.901722062506098
0,704,47.829618689131955,0.901722062506098
0,705,47.829618689131955,0.901722062506098
0,706,47.829618689131955,0.901722062506098
0,707,47.829618689131955,0.901722062506098
0,708,47.829618689131955,0.901722062506098
0,709,47.829618689131955,0.901722062506098
0,710,47.829618689131955,0.9016487848404208
0,711,47.829618689131955,0.901722062506098
0,712,47.829618689131955,0.901722062506098
0,713,47.829618689131955,0.901722062506098
0,714,47.829618689131955,0.901722062506098
0,715,47.829618689131955,0.901722062506098
0,716,47.829618689131955,0.901722062506098
0,717,47.829618689131955,0.901722062506098
0,718,47.829618689131955,0.901722062506098
0,719,47.829618689131955,0.901722062506098
0,720,47.829618689131955,0.901722062506098
0,721,47.829618689131955,0.901722062506098
0,722,47.829618689131955,0.9016487848404208
0,723,47.829618689131955,0.901722062506098
0,724,47.829618689131955,0.9016487848404208
0,725,47.829618689131955,0.901722062506098
0,726,47.829618689131955,0.9016487848404208
0,727,47.829618689131955,0.901722062506098
0,728,47.829618689131955,0.9016487848404208
0,729,47.829618689131955,0.901722062506098
0,730,47.829618689131955,0.901722062506098
0,731,47.829618689131955,0.901722062506098
0,732,47.829618689131955,0.901722062506098
0,733,47.829618689131955,0.901722062506098
0,734,47.829618689131955,0.901722062506098
0,735,47.829618689131955,0.901722062506098
0,736,47.829618689131955,0.901722062506098
0,737,47.829618689131955,0.901722062506098
0,738,47.829618689131955,0.901722062506098
0,739,47.829618689131955,0.901722062506098
0,740,47.829618689131955,0.901722062506098
0,741,47.829618689131955,0.901722062506098
0,742,47.829618689131955,0.9016487848404208
0,743,47.829618689131955,0.901722062506098
0,744,47.829618689131955,0.901722062506098
0,745,47.829618689131955,0.901722062506098
0,746,47.829618689131955,0.901722062506098
0,747,47.829618689131955,0.9016487848404208
0,748,47.829618689131955,0.901722062506098
0,749,47.829618689131955,0.9016487848404208
0,750,47.829618689131955,0.901722062506098
0,751,47.829618689131955,0.901722062506098
0,752,47.829618689131955,0.901722062506098
0,753,47.829618689131955,0.9016487848404208
0,754,47.829618689131955,0.901722062506098
0,755,47.829618689131955,0.901722062506098
0,756,47.829618689131955,0.9016487848404208
0,757,47.829618689131955,0.901722062506098
0,758,47.829618689131955,0.901722062506098
0,759,47.829618689131955,0.901722062506098
0,760,47.829618689131955,0.901722062506098
0,761,47.829618689131955,0.9016487848404208
0,762,47.829618689131955,0.901722062506098
0,763,47.829618689131955,0.901722062506098
0,764,47.829618689131955,0.901722062506098
0,765,47.829618689131955,0.9016487848404208
0,766,47.829618689131955,0.9016487848404208
0,767,47.829618689131955,0.9016487848404208
0,768,47.829618689131955,0.901722062506098
0,769,47.829618689131955,0.9016487848404208
0,770,47.829618689131955,0.9016487848404208
0,771,47.829618689131955,0.901722062506098
0,772,47.829618689131955,0.901722062506098
0,773,47.829618689131955,0.901722062506098
0,774,47.829618689131955,0.901722062506098
0,775,47.829618689131955,0.9016487848404208
0,776,47.829618689131955,0.901722062506098
0,777,47.829618689131955,0.901722062506098
0,778,47.829618689131955,0.901722062506098
0,779,47.829618689131955,0.901722062506098
0,780,47.829618689131955,0.9016487848404208
0,781,47.829618689131955,0.901722062506098
0,782,47.829618689131955,0.901722062506098
0,783,47.829618689131955,0.9016487848404208
0,784,47.829618689131955,0.9016487848404208
0,785,47.829618689131955,0.901722062506098
0,786,47.829618689131955,0.901722062506098
0,787,47.829618689131955,0.901722062506098
0,788,47.829618689131955,0.901722062506098
0,789,47.829618689131955,0.901722062506098
0,790,47.829618689131955,0.901722062506098
0,791,47.829618689131955,0.901722062506098
0,792,47.829618689131955,0.901722062506098
0,793,47.829618689131955,0.901722062506098
0,794,47.829618689131955,0.901722062506098
0,795,47.829618689131955,0.9016487848404208
0,796,47.829618689131955,0.9016487848404208
0,797,47.829618689131955,0.901722062506098
0,798,47.829618689131955,0.901722062506098
0,799,47.829618689131955,0.901722062506098
0,800,47.829618689131955,0.901722062506098
0,801,47.829618689131955,0.901722062506098
0,802,47.829618689131955,0.901722062506098
0,803,47.829618689131955,0.901722062506098
0,804,47.829618689131955,0.901722062506098
0,805,47.829618689131955,0.9016487848404208
0,806,47.829618689131955,0.901722062506098
0,807,47.829618689131955,0.9016487848404208
0,808,47.829618689131955,0.901722062506098
0,809,47.829618689131955,0.9016487848404208
0,810,47.829618689131955,0.901722062506098
0,811,47.829618689131955,0.901722062506098
0,812,47.829618689131955,0.901722062506098
0,813,47.829618689131955,0.901722062506098
0,814,47.829618689131955,0.9016487848404208
0,815,47.829618689131955,0.901722062506098
0,816,47.829618689131955,0.901722062506098
0,817,47.829618689131955,0.901722062506098
0,818,47.829618689131955,0.901722062506098
0,819,47.829618689131955,0.901722062506098
0,820,47.829618689131955,0.901722062506098
0,821,47.829618689131955,0.901722062506098
0,822,47.829618689131955,0.901722062506098
0,823,47.829618689131955,0.901722062506098
0,824,47.829618689131955,0.901722062506098
0,825,47.829618689131955,0.901722062506098
0,826,47.829618689131955,0.9016487848404208
0,827,47.829618689131955,0.901722062506098
0,828,47.829618689131955,0.9016487848404208
0,829,47.829618689131955,0.9016487848404208
0,830,47.829618689131955,0.901722062506098
0,831,47.829618689131955,0.901722062506098
0,832,47.829618689131955,0.901722062506098
0,833,47.829618689131955,0.901722062506098
0,834,47.829618689131955,0.901722062506098
0,835,47.829618689131955,0.9016487848404208
0,836,47.829618689131955,0.901722062506098
0,837,47.829618689131955,0.9016487848404208
0,838,47.829618689131955,0.901722062506098
0,839,47.829618689131955,0.901722062506098
0,840,47.829618689131955,0.901722062506098
0,841,47.829618689131955,0.901722062506098
0,842,47.829618689131955,0.901722062506098
0,843,47.829618689131955,0.901722062506098
0,844,47.829618689131955,0.9016487848404208
0,845,47.829618689131955,0.901722062506098
0,846,47.829618689131955,0.9016487848404208
0,847,47.829618689131955,0.901722062506098
0,848,47.829618689131955,0.901722062506098
0,849,47.829618689131955,0.901722062506098
0,850,47.829618689131955,0.901722062506098
0,851,47.829618689131955,0.9016487848404208
0,852,47.829618689131955,0.901722062506098
0,853,47.829618689131955,0.901722062506098
0,854,47.829618689131955,0.901722062506098
0,855,47.829618689131955,0.9016487848404208
0,856,47.829618689131955,0.901722062506098
0,857,47.829618689131955,0.901722062506098
0,858,47.829618689131955,0.901722062506098
0,859,47.829618689131955,0.901722062506098
0,860,47.829618689131955,0.901722062506098
0,861,47.829618689131955,0.9016487848404208
0,862,47.829618689131955,0.9016487848404208
0,863,47.829618689131955,0.901722062506098
0,864,47.829618689131955,0.901722062506098
0,865,47.829618689131955,0.901722062506098
0,866,47.829618689131955,0.9016487848404208
0,867,47.829618689131955,0.901722062506098
0,868,47.829618689131955,0.901722062506098
0,869,47.829618689131955,0.9016487848404208
0,870,47.829618689131955,0.901722062506098
0,871,47.829618689131955,0.9016487848404208
0,872,47.829618689131955,0.901722062506098
0,873,47.829618689131955,0.901722062506098
0,874,47.829618689131955,0.901722062506098
0,875,47.829618689131955,0.901722062506098
0,876,47.829618689131955,0.901722062506098
0,877,47.829618689131955,0.901722062506098
0,878,47.829618689131955,0.901722062506098
0,879,47.829618689131955,0.9016487848404208
0,880,47.829618689131955,0.901722062506098
0,881,47.829618689131955,0.901722062506098
0,882,47.829618689131955,0.901722062506098
0,883,47.829618689131955,0.901722062506098
0,884,47.829618689131955,0.901722062506098
0,885,47.829618689131955,0.9016487848404208
0,886,47.829618689131955,0.901722062506098
0,887,47.829618689131955,0.901722062506098
0,888,47.829618689131955,0.901722062506098
0,889,47.829618689131955,0.901722062506098
0,890,47.829618689131955,0.9016487848404208
0,891,47.829618689131955,0.901722062506098
0,892,47.829618689131955,0.901722062506098
0,893,47.829618689131955,0.901722062506098
0,894,47.829618689131955,0.901722062506098
0,895,47.829618689131955,0.901722062506098
0,896,47.829618689131955,0.901722062506098
0,897,47.829618689131955,0.9016487848404208
0,898,47.829618689131955,0.901722062506098
0,899,47.829618689131955,0.901722062506098
0,900,47.829618689131955,0.901722062506098
0,901,47.829618689131955,0.9016487848404208
0,902,47.829618689131955,0.901722062506098
0,903,47.829618689131955,0.901722062506098
0,904,47.829618689131955,0.901722062506098
0,905,47.829618689131955,0.9016487848404208
0,906,47.829618689131955,0.9016487848404208
0,907,47.829618689131955,0.901722062506098
0,908,47.829618689131955,0.901722062506098
0,909,47.829618689131955,0.901722062506098
0,910,47.829618689131955,0.901722062506098
0,911,47.829618689131955,0.9016487848404208
0,912,47.829618689131955,0.901722062506098
0,913,47.829618689131955,0.9016487848404208
0,914,47.829618689131955,0.901722062506098
0,915,47.829618689131955,0.9016487848404208
0,916,47.829618689131955,0.901722062506098
0,917,47.829618689131955,0.901722062506098
0,918,47.829618689131955,0.901722062506098
0,919,47.829618689131955,0.901722062506098
0,920,47.829618689131955,0.901722062506098
0,921,47.829618689131955,0.901722062506098
0,922,47.829618689131955,0.901722062506098
0,923,47.829618689131955,0.901722062506098
0,924,47.829618689131955,0.9016487848404208
0,925,47.829618689131955,0.901722062506098
0,926,47.829618689131955,0.9016487848404208
0,927,47.829618689131955,0.901722062506098
0,928,47.829618689131955,0.901722062506098
0,929,47.829618689131955,0.901722062506098
0,930,47.829618689131955,0.901722062506098
0,931,47.829618689131955,0.9016487848404208
0,932,47.829618689131955,0.901722062506098
0,933,47.829618689131955,0.901722062506098
0,934,47.829618689131955,0.901722062506098
0,935,47.829618689131955,0.901722062506098
0,936,47.829618689131955,0.9016487848404208
0,937,47.829618689131955,0.901722062506098
0,938,47.829618689131955,0.901722062506098
0,939,47.829618689131955,0.901722062506098
0,940,47.829618689131955,0.9016487848404208
0,941,47.829618689131955,0.901722062506098
0,942,47.829618689131955,0.901722062506098
0,943,47.829618689131955,0.901722062506098
0,944,47.829618689131955,0.901722062506098
0,945,47.829618689131955,0.901722062506098
0,946,47.829618689131955,0.901722062506098
0,947,47.829618689131955,0.901722062506098
0,948,47.829618689131955,0.901722062506098
0,949,47.829618689131955,0.901722062506098
0,950,47.829618689131955,0.9016487848404208
0,951,47.829618689131955,0.901722062506098
0,952,47.829618689131955,0.9016487848404208
0,953,47.829618689131955,0.901722062506098
0,954,47.829618689131955,0.901722062506098
0,955,47.829618689131955,0.901722062506098
0,956,47.829618689131955,0.901722062506098
0,957,47.829618689131955,0.901722062506098
0,958,47.829618689131955,0.901722062506098
0,959,47.829618689131955,0.9016487848404208
0,960,47.829618689131955,0.9016487848404208
0,961,47.829618689131955,0.901722062506098
0,962,47.829618689131955,0.901722062506098
0,963,47.829618689131955,0.901722062506098
0,964,47.829618689131955,0.901722062506098
0,965,47.829618689131955,0.901722062506098
0,966,47.829618689131955,0.901722062506098
0,967,47.829618689131955,0.901722062506098
0,968,47.829618689131955,0.901722062506098
0,969,47.829618689131955,0.901722062506098
0,970,47.829618689131955,0.9016487848404208
0,971,47.829618689131955,0.901722062506098
0,972,47.829618689131955,0.901722062506098
0,973,47.829618689131955,0.9016487848404208
0,974,47.829618689131955,0.901722062506098
0,975,47.829618689131955,0.9016487848404208
0,976,47.829618689131955,0.901722062506098
0,977,47.829618689131955,0.901722062506098
0,978,47.829618689131955,0.901722062506098
0,979,47.829618689131955,0.901722062506098
0,980,47.829618689131955,0.901722062506098
0,981,47.829618689131955,0.9016487848404208
0,982,47.829618689131955,0.9016487848404208
0,983,47.829618689131955,0.901722062506098
0,984,47.829618689131955,0.901722062506098
0,985,47.829618689131955,0.9016487848404208
0,986,47.829618689131955,0.901722062506098
0,987,47.829618689131955,0.9016487848404208
0,988,47.829618689131955,0.9016487848404208
0,989,47.829618689131955,0.901722062506098
0,990,47.829618689131955,0.901722062506098
0,991,47.829618689131955,0.901722062506098
0,992,47.829618689131955,0.901722062506098
0,993,47.829618689131955,0.901722062506098
0,994,47.829618689131955,0.901722062506098
0,995,47.829618689131955,0.901722062506098
0,996,47.829618689131955,0.901722062506098
0,997,47.829618689131955,0.901722062506098
0,998,47.829618689131955,0.9016487848404208
0,999,47.829618689131955,0.901722062506098
0,1000,47.829618689131955,0.901722062506098
0,1001,47.829618689131955,0.901722062506098
0,1002,47.829618689131955,0.901722062506098
0,1003,47.829618689131955,0.901722062506098
0,1004,47.829618689131955,0.901722062506098
0,1005,47.829618689131955,0.901722062506098
0,1006,47.829618689131955,0.9016487848404208
0,1007,47.829618689131955,0.901722062506098
0,1008,47.829618689131955,0.901722062506098
0,1009,47.829618689131955,0.901722062506098
0,1010,47.829618689131955,0.9016487848404208
0,1011,47.829618689131955,0.901722062506098
0,1012,47.829618689131955,0.901722062506098
0,1013,47.829618689131955,0.901722062506098
0,1014,47.829618689131955,0.901722062506098
0,1015,47.829618689131955,0.901722062506098
0,1016,47.829618689131955,0.901722062506098
0,1017,47.829618689131955,0.901722062506098
0,1018,47.829618689131955,0.901722062506098
0,1019,47.829618689131955,0.901722062506098
0,1020,47.829618689131955,0.901722062506098
0,1021,47.829618689131955,0.901722062506098
0,1022,47.829618689131955,0.901722062506098
0,1023,47.829618689131955,0.901722062506098
0,1024,47.829618689131955,0.9016487848404208
0,1025,47.829618689131955,0.9016487848404208
0,1026,47.829618689131955,0.9016487848404208
0,1027,47.829618689131955,0.901722062506098
0,1028,47.829618689131955,0.901722062506098
0,1029,47.829618689131955,0.9016487848404208
0,1030,47.829618689131955,0.901722062506098
0,1031,47.829618689131955,0.901722062506098
0,1032,47.829618689131955,0.901722062506098
0,1033,47.829618689131955,0.9016487848404208
0,1034,47.829618689131955,0.9016487848404208
0,1035,47.829618689131955,0.901722062506098
0,1036,47.829618689131955,0.901722062506098
0,1037,47.829618689131955,0.901722062506098
0,1038,47.829618689131955,0.901722062506098
0,1039,47.829618689131955,0.901722062506098
0,1040,47.829618689131955,0.901722062506098
0,1041,47.829618689131955,0.901722062506098
0,1042,47.829618689131955,0.901722062506098
0,1043,47.829618689131955,0.901722062506098
0,1044,47.829618689131955,0.901722062506098
0,1045,47.829618689131955,0.901722062506098
0,1046,47.829618689131955,0.901722062506098
0,1047,47.829618689131955,0.901722062506098
0,1048,47.829618689131955,0.9016487848404208
0,1049,47.829618689131955,0.901722062506098
0,1050,47.829618689131955,0.9016487848404208
0,1051,47.829618689131955,0.901722062506098
0,1052,47.829618689131955,0.901722062506098
0,1053,47.829618689131955,0.901722062506098
0,1054,47.829618689131955,0.901722062506098
0,1055,47.829618689131955,0.9016487848404208
0,1056,47.829618689131955,0.901722062506098
0,1057,47.829618689131955,0.901722062506098
0,1058,47.829618689131955,0.9016487848404208
0,1059,47.829618689131955,0.901722062506098
0,1060,47.829618689131955,0.901722062506098
0,1061,47.829618689131955,0.901722062506098
0,1062,47.829618689131955,0.901722062506098
0,1063,47.829618689131955,0.901722062506098
0,1064,47.829618689131955,0.901722062506098
0,1065,47.829618689131955,0.901722062506098
0,1066,47.829618689131955,0.901722062506098
0,1067,47.829618689131955,0.901722062506098
0,1068,47.829618689131955,0.9016487848404208
0,1069,47.829618689131955,0.9016487848404208
0,1070,47.829618689131955,0.901722062506098
0,1071,47.829618689131955,0.901722062506098
0,1072,47.829618689131955,0.9016487848404208
0,1073,47.829618689131955,0.901722062506098
0,1074,47.829618689131955,0.901722062506098
0,1075,47.829618689131955,0.901722062506098
0,1076,47.829618689131955,0.901722062506098
0,1077,47.829618689131955,0.901722062506098
0,1078,47.829618689131955,0.9016487848404208
0,1079,47.829618689131955,0.901722062506098
0,1080,47.829618689131955,0.901722062506098
0,1081,47.829618689131955,0.901722062506098
0,1082,47.829618689131955,0.901722062506098
0,1083,47.829618689131955,0.901722062506098
0,1084,47.829618689131955,0.9016487848404208
0,1085,47.829618689131955,0.9016487848404208
0,1086,47.829618689131955,0.901722062506098
0,1087,47.829618689131955,0.901722062506098
0,1088,47.829618689131955,0.901722062506098
0,1089,47.829618689131955,0.9016487848404208
0,1090,47.829618689131955,0.901722062506098
0,1091,47.829618689131955,0.901722062506098
0,1092,47.829618689131955,0.901722062506098
0,1093,47.829618689131955,0.901722062506098
0,1094,47.829618689131955,0.9016487848404208
0,1095,47.829618689131955,0.901722062506098
0,1096,47.829618689131955,0.901722062506098
0,1097,47.829618689131955,0.901722062506098
0,1098,47.829618689131955,0.9016487848404208
0,1099,47.829618689131955,0.901722062506098
0,1100,47.829618689131955,0.901722062506098
0,1101,47.829618689131955,0.901722062506098
0,1102,47.829618689131955,0.9016487848404208
0,1103,47.829618689131955,0.901722062506098
0,1104,47.829618689131955,0.9016487848404208
0,1105,47.829618689131955,0.9016487848404208
0,1106,47.829618689131955,0.9016487848404208
0,1107,47.829618689131955,0.901722062506098
0,1108,47.829618689131955,0.901722062506098
0,1109,47.829618689131955,0.901722062506098
0,1110,47.829618689131955,0.901722062506098
0,1111,47.829618689131955,0.901722062506098
0,1112,47.829618689131955,0.901722062506098
0,1113,47.829618689131955,0.901722062506098
0,1114,47.829618689131955,0.901722062506098
0,1115,47.829618689131955,0.901722062506098
0,1116,47.829618689131955,0.901722062506098
0,1117,47.829618689131955,0.901722062506098
0,1118,47.829618689131955,0.901722062506098
0,1119,47.829618689131955,0.9016487848404208
0,1120,47.829618689131955,0.9016487848404208
0,1121,47.829618689131955,0.901722062506098
0,1122,47.829618689131955,0.9016487848404208
0,1123,47.829618689131955,0.9016487848404208
0,1124,47.829618689131955,0.901722062506098
0,1125,47.829618689131955,0.901722062506098
0,1126,47.829618689131955,0.9016487848404208
0,1127,47.829618689131955,0.9016487848404208
0,1128,47.829618689131955,0.901722062506098
0,1129,47.829618689131955,0.901722062506098
0,1130,47.829618689131955,0.901722062506098
0,1131,47.829618689131955,0.901722062506098
0,1132,47.829618689131955,0.901722062506098
0,1133,47.829618689131955,0.9016487848404208
0,1134,47.829618689131955,0.901722062506098
0,1135,47.829618689131955,0.901722062506098
0,1136,47.829618689131955,0.901722062506098
0,1137,47.829618689131955,0.9016487848404208
0,1138,47.829618689131955,0.901722062506098
0,1139,47.829618689131955,0.901722062506098
0,1140,47.829618689131955,0.9016487848404208
0,1141,47.829618689131955,0.901722062506098
0,1142,47.829618689131955,0.901722062506098
0,1143,47.829618689131955,0.901722062506098
0,1144,47.829618689131955,0.901722062506098
0,1145,47.829618689131955,0.901722062506098
0,1146,47.829618689131955,0.901722062506098
0,1147,47.829618689131955,0.901722062506098
0,1148,47.829618689131955,0.901722062506098
0,1149,47.829618689131955,0.901722062506098
0,1150,47.829618689131955,0.901722062506098
0,1151,47.829618689131955,0.901722062506098
0,1152,47.829618689131955,0.901722062506098
0,1153,47.829618689131955,0.901722062506098
0,1154,47.829618689131955,0.901722062506098
0,1155,47.829618689131955,0.9016487848404208
0,1156,47.829618689131955,0.9016487848404208
0,1157,47.829618689131955,0.901722062506098
0,1158,47.829618689131955,0.9016487848404208
0,1159,47.829618689131955,0.901722062506098
0,1160,47.829618689131955,0.901722062506098
0,1161,47.829618689131955,0.901722062506098
0,1162,47.829618689131955,0.901722062506098
0,1163,47.829618689131955,0.901722062506098
0,1164,47.829618689131955,0.9016487848404208
0,1165,47.829618689131955,0.901722062506098
0,1166,47.829618689131955,0.901722062506098
0,1167,47.829618689131955,0.901722062506098
0,1168,47.829618689131955,0.901722062506098
0,1169,47.829618689131955,0.9016487848404208
0,1170,47.829618689131955,0.9016487848404208
0,1171,47.829618689131955,0.901722062506098
0,1172,47.829618689131955,0.901722062506098
0,1173,47.829618689131955,0.901722062506098
0,1174,47.829618689131955,0.901722062506098
0,1175,47.829618689131955,0.9016487848404208
0,1176,47.829618689131955,0.901722062506098
0,1177,47.829618689131955,0.901722062506098
0,1178,47.829618689131955,0.901722062506098
0,1179,47.829618689131955,0.9016487848404208
0,1180,47.829618689131955,0.901722062506098
0,1181,47.829618689131955,0.901722062506098
0,1182,47.829618689131955,0.9016487848404208
0,1183,47.829618689131955,0.901722062506098
0,1184,47.829618689131955,0.901722062506098
0,1185,47.829618689131955,0.901722062506098
0,1186,47.829618689131955,0.901722062506098
0,1187,47.829618689131955,0.901722062506098
0,1188,47.829618689131955,0.901722062506098
0,1189,47.829618689131955,0.9016487848404208
0,1190,47.829618689131955,0.9016487848404208
0,1191,47.829618689131955,0.9016487848404208
0,1192,47.829618689131955,0.9016487848404208
0,1193,47.829618689131955,0.901722062506098
0,1194,47.829618689131955,0.901722062506098
0,1195,47.829618689131955,0.901722062506098
0,1196,47.829618689131955,0.901722062506098
0,1197,47.829618689131955,0.901722062506098
0,1198,47.829618689131955,0.901722062506098
0,1199,47.829618689131955,0.901722062506098
0,1200,47.829618689131955,0.901722062506098
0,1201,47.829618689131955,0.901722062506098
0,1202,47.829618689131955,0.9016487848404208
0,1203,47.829618689131955,0.9016487848404208
0,1204,47.829618689131955,0.9016487848404208
0,1205,47.829618689131955,0.901722062506098
0,1206,47.829618689131955,0.901722062506098
0,1207,47.829618689131955,0.901722062506098
0,1208,47.829618689131955,0.9016487848404208
0,1209,47.829618689131955,0.901722062506098
0,1210,47.829618689131955,0.9016487848404208
0,1211,47.829618689131955,0.901722062506098
0,1212,47.829618689131955,0.9016487848404208
0,1213,47.829618689131955,0.9016487848404208
0,1214,47.829618689131955,0.901722062506098
0,1215,47.829618689131955,0.901722062506098
0,1216,47.829618689131955,0.901722062506098
0,1217,47.829618689131955,0.901722062506098
0,1218,47.829618689131955,0.901722062506098
0,1219,47.829618689131955,0.901722062506098
0,1220,47.829618689131955,0.901722062506098
0,1221,47.829618689131955,0.9016487848404208
0,1222,47.829618689131955,0.9016487848404208
0,1223,47.829618689131955,0.9016487848404208
0,1224,47.829618689131955,0.901722062506098
0,1225,47.829618689131955,0.9016487848404208
0,1226,47.829618689131955,0.901722062506098
0,1227,47.829618689131955,0.901722062506098
0,1228,47.829618689131955,0.901722062506098
0,1229,47.829618689131955,0.901722062506098
0,1230,47.829618689131955,0.901722062506098
0,1231,47.829618689131955,0.901722062506098
0,1232,47.829618689131955,0.901722062506098
0,1233,47.829618689131955,0.901722062506098
0,1234,47.829618689131955,0.901722062506098
0,1235,47.829618689131955,0.901722062506098
0,1236,47.829618689131955,0.901722062506098
0,1237,47.829618689131955,0.901722062506098
0,1238,47.829618689131955,0.901722062506098
0,1239,47.829618689131955,0.901722062506098
0,1240,47.829618689131955,0.901722062506098
0,1241,47.829618689131955,0.901722062506098
0,1242,47.829618689131955,0.901722062506098
0,1243,47.829618689131955,0.9016487848404208
0,1244,47.829618689131955,0.901722062506098
0,1245,47.829618689131955,0.9016487848404208
0,1246,47.829618689131955,0.901722062506098
0,1247,47.829618689131955,0.901722062506098
0,1248,47.829618689131955,0.901722062506098
0,1249,47.829618689131955,0.9016487848404208
0,1250,47.829618689131955,0.901722062506098
0,1251,47.829618689131955,0.9016487848404208
0,1252,47.829618689131955,0.901722062506098
0,1253,47.829618689131955,0.901722062506098
0,1254,47.829618689131955,0.9016487848404208
0,1255,47.829618689131955,0.901722062506098
0,1256,47.829618689131955,0.901722062506098
0,1257,47.829618689131955,0.901722062506098
0,1258,47.829618689131955,0.901722062506098
0,1259,47.829618689131955,0.901722062506098
0,1260,47.829618689131955,0.9016487848404208
0,1261,47.829618689131955,0.901722062506098
0,1262,47.829618689131955,0.901722062506098
0,1263,47.829618689131955,0.901722062506098
0,1264,47.829618689131955,0.901722062506098
0,1265,47.829618689131955,0.9016487848404208
0,1266,47.829618689131955,0.9016487848404208
0,1267,47.829618689131955,0.9016487848404208
0,1268,47.829618689131955,0.901722062506098
0,1269,47.829618689131955,0.9016487848404208
0,1270,47.829618689131955,0.901722062506098
0,1271,47.829618689131955,0.901722062506098
0,1272,47.829618689131955,0.901722062506098
0,1273,47.829618689131955,0.901722062506098
0,1274,47.829618689131955,0.901722062506098
0,1275,47.829618689131955,0.9016487848404208
0,1276,47.829618689131955,0.901722062506098
0,1277,47.829618689131955,0.9016487848404208
0,1278,47.73961868913196,0.901722062506098
0,1279,47.21427112628612,0.9013684577559076
0,1280,46.69566761823743,0.9005495610158301
0,1281,45.69566761823743,0.900536930324898
0,1282,45.64524778804128,0.9004916753173297
0,1283,46.09300082289275,0.9010396514276331
0,1284,45.09300082289275,0.901025479278109
0,1285,44.09300082289275,0.9010110357520125
0,1286,43.56541574094899,0.9001886275709311
0,1287,43.03608003759514,0.9009876233973345
0,1288,43.002461727420624,0.9002687422626686
0,1289,42.48346900876932,0.8991501417082085
0,1290,42.46152288300649,0.8994965484703369
0,1291,41.46152288300649,0.8994793298706925
0,1292,40.46152288300649,0.8994219760013348
0,1293,39.46152288300649,0.8993236080304985
0,1294,39.873981987017,0.9001596470466618
0,1295,38.873981987017,0.9001408407761166
0,1296,37.873981987017,0.8997378895779833
0,1297,37.801926033104415,0.9005789437649732
0,1298,37.273195613456586,0.9012051715281423
0,1299,37.21524828085005,0.9006717526527606
0,1300,37.68260634173994,0.9018941026228869
0,1301,38.23314865088344,0.8999448087463018
0,1302,37.23314865088344,0.9009013008530167
0,1303,36.74557309304199,0.9017593353776636
0,1304,37.3559108388426,0.9000925070597954
0,1305,36.3559108388426,0.8999355527852972
0,1306,35.89073686560578,0.898663562383395
0,1307,35.425363451635384,0.9002762750030995
0,1308,34.960754955177705,0.8994047359194555
0,1309,36.229595059072096,0.8976757647416558
0,1310,35.83203864978143,0.8965816586930921
0,1311,34.832038649781424,0.8963705767678456
0,1312,33.83203864978142,0.8991484124844361
0,1313,32.83203864978142,0.8992081568106379
0,1314,32.37932892964482,0.8994202202691102
0,1315,31.928790494325614,0.898472617570082
0,1316,32.062606853915554,0.8970213268071573
0,1317,31.062606853915554,0.8973444548111262
0,1318,30.61870312626055,0.89632457649533
0,1319,30.171480901045893,0.8982124473630878
0,1320,29.72750506015695,0.8989140467015267
0,1321,29.88171236597437,0.9005627182451473
0,1322,29.48735682115307,0.9010684512839139
0,1323,29.07270093673716,0.9019139238602218
0,1324,28.072700936737167,0.90197119930719
0,1325,27.072700936737167,0.901302417424465
0,1326,26.072700936737167,0.9015992542315969
0,1327,25.072700936737167,0.9018915015387189
0,1328,25.130484035304143,0.9040826817741505
0,1329,24.675346450601374,0.9060384101020972
0,1330,24.771404852850296,0.9064213720098365
0,1331,24.343028886434183,0.9051599863909568
0,1332,23.343028886434183,0.9048159004211025
0,1333,23.450638608403903,0.9030771240884494
0,1334,23.66672542339355,0.9016843000075195
0,1335,23.266007097758763,0.9006677501109184
0,1336,22.26600709775877,0.9002438856464842
0,1337,21.845815937594338,0.8977736606295554
0,1338,21.434993228521847,0.8957718322190031
0,1339,20.434993228521847,0.8952852686721915
0,1340,19.434993228521847,0.8947826251104625
0,1341,18.989210709884098,0.8939777364410816
0,1342,17.989210709884098,0.8934230207160645
0,1343,18.04843265610377,0.8881321055109992
0,1344,18.211532440335528,0.8890638438588181
0,1345,18.45835261253292,0.8875943362054499
0,1346,18.097110168372886,0.8869574359346862
0,1347,17.097110168372886,0.886047616520188
0,1348,16.097110168372886,0.8850743688819206
0,1349,15.097110168372884,0.884038406672623
0,1350,14.621500231485738,0.8806487147125259
0,1351,14.721136506762448,0.8772212718683773
0,1352,13.721136506762448,0.8758533581892481
0,1353,13.283403650846665,0.8721110854326882
0,1354,12.283403650846665,0.8720402831232152
0,1355,11.283403650846667,0.8719701355760024
0,1356,11.268153707325656,0.8708709053850299
0,1357,10.786483192066074,0.8677148287596413
0,1358,9.786483192066074,0.8676370177787399
0,1359,8.786483192066074,0.8675600323700705
0,1360,7.786483192066074,0.8674838935005476
0,1361,7.56621924237754,0.8637284652723733
0,1362,7.387031610449862,0.8593486697790842
0,1363,6.793610440289069,0.8593338378135624
0,1364,6.653042788867737,0.8534155936968281
0,1365,6.812848809114036,0.843806152919205
0,1366,6.401022311082355,0.8377421288579746
0,1367,5.982319554220088,0.8244146526069474
0,1368,5.615242188075115,0.8187765480608141
0,1369,4.615242188075115,0.8186191708108018
0,1370,4.8397460195368405,0.7827969234499949
0,1371,3.8397460195368405,0.7826012813375168
0,1372,3.412451787481198,0.7695552474266137
0,1373,3.0050100670850015,0.7448112326003177
0,1374,2.0050100670850015,0.7445524252486019
0,1375,1.5058301318802343,0.7207248623144499
0,1376,1.450575787228665,0.5692979523964566
0,1377,1.0,0.21757849196538973
0,1378,NaN,NaN
